DATAFLOW,LAST UPDATE,freq,month,animals,unit,geo,TIME_PERIOD,OBS_VALUE,OBS_FLAG
ESTAT:APRO_MT_LSSHEEP(1.0),27/06/22 23:00:00,A,M12,A4100,THS_HD,AL,2014,1896.00,
ESTAT:APRO_MT_LSSHEEP(1.0),27/06/22 23:00:00,A,M12,A4100,THS_HD,AL,2015,1918.00,e
ESTAT:APRO_MT_LSSHEEP(1.0),27/06/22 23:00:00,A,M12,A4100,THS_HD,AL,2016,1971.93,p
ESTAT:APRO_MT_LSSHEEP(1.0),27/06/22 23:00:00,A,M12,A4100,THS_HD,AL,2017,1925.51,
ESTAT:APRO_MT_LSSHEEP(1.0),27/06/22 23:00:00,A,M12,A4100,THS_HD,AL,2018,1863.84,
ESTAT:APRO_MT_LSSHEEP(1.0),27/06/22 23:00:00,A,M12,A4100,THS_HD,AL,2019,1758.33,
ESTAT:APRO_MT_LSSHEEP(1.0),27/06/22 23:00:00,A,M12,A4100,THS_HD,AL,2020,1557.86,
ESTAT:APRO_MT_LSSHEEP(1.0),27/06/22 23:00:00,A,M12,A4100,THS_HD,AT,1991,326.00,
ESTAT:APRO_MT_LSSHEEP(1.0),27/06/22 23:00:00,A,M12,A4100,THS_HD,AT,1992,312.00,
ESTAT:APRO_MT_LSSHEEP(1.0),27/06/22 23:00:00,A,M12,A4100,THS_HD,AT,1993,334.00,
ESTAT:APRO_MT_LSSHEEP(1.0),27/06/22 23:00:00,A,M12,A4100,THS_HD,AT,1994,342.14,
ESTAT:APRO_MT_LSSHEEP(1.0),27/06/22 23:00:00,A,M12,A4100,THS_HD,AT,1995,365.25,
ESTAT:APRO_MT_LSSHEEP(1.0),27/06/22 23:00:00,A,M12,A4100,THS_HD,AT,1996,380.86,
ESTAT:APRO_MT_LSSHEEP(1.0),27/06/22 23:00:00,A,M12,A4100,THS_HD,AT,1997,383.66,
ESTAT:APRO_MT_LSSHEEP(1.0),27/06/22 23:00:00,A,M12,A4100,THS_HD,AT,1998,360.81,
ESTAT:APRO_MT_LSSHEEP(1.0),27/06/22 23:00:00,A,M12,A4100,THS_HD,AT,1999,352.28,
ESTAT:APRO_MT_LSSHEEP(1.0),27/06/22 23:00:00,A,M12,A4100,THS_HD,AT,2000,339.24,
ESTAT:APRO_MT_LSSHEEP(1.0),27/06/22 23:00:00,A,M12,A4100,THS_HD,AT,2001,320.47,
ESTAT:APRO_MT_LSSHEEP(1.0),27/06/22 23:00:00,A,M12,A4100,THS_HD,AT,2002,304.36,
ESTAT:APRO_MT_LSSHEEP(1.0),27/06/22 23:00:00,A,M12,A4100,THS_HD,AT,2003,325.50,
ESTAT:APRO_MT_LSSHEEP(1.0),27/06/22 23:00:00,A,M12,A4100,THS_HD,AT,2004,327.16,
ESTAT:APRO_MT_LSSHEEP(1.0),27/06/22 23:00:00,A,M12,A4100,THS_HD,AT,2005,325.73,
ESTAT:APRO_MT_LSSHEEP(1.0),27/06/22 23:00:00,A,M12,A4100,THS_HD,AT,2006,312.38,
ESTAT:APRO_MT_LSSHEEP(1.0),27/06/22 23:00:00,A,M12,A4100,THS_HD,AT,2007,351.33,
ESTAT:APRO_MT_LSSHEEP(1.0),27/06/22 23:00:00,A,M12,A4100,THS_HD,AT,2008,333.18,
ESTAT:APRO_MT_LSSHEEP(1.0),27/06/22 23:00:00,A,M12,A4100,THS_HD,AT,2009,344.71,
ESTAT:APRO_MT_LSSHEEP(1.0),27/06/22 23:00:00,A,M12,A4100,THS_HD,AT,2010,358.42,
ESTAT:APRO_MT_LSSHEEP(1.0),27/06/22 23:00:00,A,M12,A4100,THS_HD,AT,2011,361.18,
ESTAT:APRO_MT_LSSHEEP(1.0),27/06/22 23:00:00,A,M12,A4100,THS_HD,AT,2012,364.65,
ESTAT:APRO_MT_LSSHEEP(1.0),27/06/22 23:00:00,A,M12,A4100,THS_HD,AT,2013,357.44,
ESTAT:APRO_MT_LSSHEEP(1.0),27/06/22 23:00:00,A,M12,A4100,THS_HD,AT,2014,349.09,
ESTAT:APRO_MT_LSSHEEP(1.0),27/06/22 23:00:00,A,M12,A4100,THS_HD,AT,2015,353.71,
ESTAT:APRO_MT_LSSHEEP(1.0),27/06/22 23:00:00,A,M12,A4100,THS_HD,AT,2016,378.38,
ESTAT:APRO_MT_LSSHEEP(1.0),27/06/22 23:00:00,A,M12,A4100,THS_HD,AT,2017,401.48,
ESTAT:APRO_MT_LSSHEEP(1.0),27/06/22 23:00:00,A,M12,A4100,THS_HD,AT,2018,406.34,
ESTAT:APRO_MT_LSSHEEP(1.0),27/06/22 23:00:00,A,M12,A4100,THS_HD,AT,2019,402.66,
ESTAT:APRO_MT_LSSHEEP(1.0),27/06/22 23:00:00,A,M12,A4100,THS_HD,AT,2020,393.76,
ESTAT:APRO_MT_LSSHEEP(1.0),27/06/22 23:00:00,A,M12,A4100,THS_HD,AT,2021,402.35,
ESTAT:APRO_MT_LSSHEEP(1.0),27/06/22 23:00:00,A,M12,A4100,THS_HD,BA,2010,1046.00,
ESTAT:APRO_MT_LSSHEEP(1.0),27/06/22 23:00:00,A,M12,A4100,THS_HD,BA,2011,1021.00,
ESTAT:APRO_MT_LSSHEEP(1.0),27/06/22 23:00:00,A,M12,A4100,THS_HD,BA,2012,1004.00,e
ESTAT:APRO_MT_LSSHEEP(1.0),27/06/22 23:00:00,A,M12,A4100,THS_HD,BA,2013,1020.00,e
ESTAT:APRO_MT_LSSHEEP(1.0),27/06/22 23:00:00,A,M12,A4100,THS_HD,BA,2014,1025.00,e
ESTAT:APRO_MT_LSSHEEP(1.0),27/06/22 23:00:00,A,M12,A4100,THS_HD,BA,2015,1020.00,e
ESTAT:APRO_MT_LSSHEEP(1.0),27/06/22 23:00:00,A,M12,A4100,THS_HD,BA,2016,1016.00,e
ESTAT:APRO_MT_LSSHEEP(1.0),27/06/22 23:00:00,A,M12,A4100,THS_HD,BA,2017,1017.00,e
ESTAT:APRO_MT_LSSHEEP(1.0),27/06/22 23:00:00,A,M12,A4100,THS_HD,BA,2018,1012.00,e
ESTAT:APRO_MT_LSSHEEP(1.0),27/06/22 23:00:00,A,M12,A4100,THS_HD,BA,2019,1013.00,e
ESTAT:APRO_MT_LSSHEEP(1.0),27/06/22 23:00:00,A,M12,A4100,THS_HD,BA,2020,1014.00,e
ESTAT:APRO_MT_LSSHEEP(1.0),27/06/22 23:00:00,A,M12,A4100,THS_HD,BE,1963,58.00,
ESTAT:APRO_MT_LSSHEEP(1.0),27/06/22 23:00:00,A,M12,A4100,THS_HD,BE,1964,64.00,
ESTAT:APRO_MT_LSSHEEP(1.0),27/06/22 23:00:00,A,M12,A4100,THS_HD,BE,1965,67.00,
ESTAT:APRO_MT_LSSHEEP(1.0),27/06/22 23:00:00,A,M12,A4100,THS_HD,BE,1966,68.00,
ESTAT:APRO_MT_LSSHEEP(1.0),27/06/22 23:00:00,A,M12,A4100,THS_HD,BE,1967,65.00,
ESTAT:APRO_MT_LSSHEEP(1.0),27/06/22 23:00:00,A,M12,A4100,THS_HD,BE,1968,84.00,
ESTAT:APRO_MT_LSSHEEP(1.0),27/06/22 23:00:00,A,M12,A4100,THS_HD,BE,1969,85.00,
ESTAT:APRO_MT_LSSHEEP(1.0),27/06/22 23:00:00,A,M12,A4100,THS_HD,BE,1970,66.00,
ESTAT:APRO_MT_LSSHEEP(1.0),27/06/22 23:00:00,A,M12,A4100,THS_HD,BE,1971,66.00,
ESTAT:APRO_MT_LSSHEEP(1.0),27/06/22 23:00:00,A,M12,A4100,THS_HD,BE,1972,69.00,
ESTAT:APRO_MT_LSSHEEP(1.0),27/06/22 23:00:00,A,M12,A4100,THS_HD,BE,1973,74.00,
ESTAT:APRO_MT_LSSHEEP(1.0),27/06/22 23:00:00,A,M12,A4100,THS_HD,BE,1974,81.00,
ESTAT:APRO_MT_LSSHEEP(1.0),27/06/22 23:00:00,A,M12,A4100,THS_HD,BE,1975,83.00,
ESTAT:APRO_MT_LSSHEEP(1.0),27/06/22 23:00:00,A,M12,A4100,THS_HD,BE,1976,82.00,
ESTAT:APRO_MT_LSSHEEP(1.0),27/06/22 23:00:00,A,M12,A4100,THS_HD,BE,1977,84.00,
ESTAT:APRO_MT_LSSHEEP(1.0),27/06/22 23:00:00,A,M12,A4100,THS_HD,BE,1978,91.00,
ESTAT:APRO_MT_LSSHEEP(1.0),27/06/22 23:00:00,A,M12,A4100,THS_HD,BE,1979,84.10,
ESTAT:APRO_MT_LSSHEEP(1.0),27/06/22 23:00:00,A,M12,A4100,THS_HD,BE,1980,86.00,
ESTAT:APRO_MT_LSSHEEP(1.0),27/06/22 23:00:00,A,M12,A4100,THS_HD,BE,1981,79.00,
ESTAT:APRO_MT_LSSHEEP(1.0),27/06/22 23:00:00,A,M12,A4100,THS_HD,BE,1982,83.00,
ESTAT:APRO_MT_LSSHEEP(1.0),27/06/22 23:00:00,A,M12,A4100,THS_HD,BE,1983,97.00,
ESTAT:APRO_MT_LSSHEEP(1.0),27/06/22 23:00:00,A,M12,A4100,THS_HD,BE,1984,109.14,
ESTAT:APRO_MT_LSSHEEP(1.0),27/06/22 23:00:00,A,M12,A4100,THS_HD,BE,1985,124.00,
ESTAT:APRO_MT_LSSHEEP(1.0),27/06/22 23:00:00,A,M12,A4100,THS_HD,BE,1986,127.99,
ESTAT:APRO_MT_LSSHEEP(1.0),27/06/22 23:00:00,A,M12,A4100,THS_HD,BE,1987,133.09,
ESTAT:APRO_MT_LSSHEEP(1.0),27/06/22 23:00:00,A,M12,A4100,THS_HD,BE,1988,128.97,
ESTAT:APRO_MT_LSSHEEP(1.0),27/06/22 23:00:00,A,M12,A4100,THS_HD,BE,1989,131.60,
ESTAT:APRO_MT_LSSHEEP(1.0),27/06/22 23:00:00,A,M12,A4100,THS_HD,BE,1990,136.43,
ESTAT:APRO_MT_LSSHEEP(1.0),27/06/22 23:00:00,A,M12,A4100,THS_HD,BE,1991,129.00,
ESTAT:APRO_MT_LSSHEEP(1.0),27/06/22 23:00:00,A,M12,A4100,THS_HD,BE,1992,128.10,
ESTAT:APRO_MT_LSSHEEP(1.0),27/06/22 23:00:00,A,M12,A4100,THS_HD,BE,1993,127.00,
ESTAT:APRO_MT_LSSHEEP(1.0),27/06/22 23:00:00,A,M12,A4100,THS_HD,BE,1994,119.00,
ESTAT:APRO_MT_LSSHEEP(1.0),27/06/22 23:00:00,A,M12,A4100,THS_HD,BE,1995,118.00,
ESTAT:APRO_MT_LSSHEEP(1.0),27/06/22 23:00:00,A,M12,A4100,THS_HD,BE,1996,113.11,
ESTAT:APRO_MT_LSSHEEP(1.0),27/06/22 23:00:00,A,M12,A4100,THS_HD,BE,1997,114.52,
ESTAT:APRO_MT_LSSHEEP(1.0),27/06/22 23:00:00,A,M12,A4100,THS_HD,BE,1998,116.23,
ESTAT:APRO_MT_LSSHEEP(1.0),27/06/22 23:00:00,A,M12,A4100,THS_HD,BE,1999,119.32,
ESTAT:APRO_MT_LSSHEEP(1.0),27/06/22 23:00:00,A,M12,A4100,THS_HD,BE,2000,160.45,
ESTAT:APRO_MT_LSSHEEP(1.0),27/06/22 23:00:00,A,M12,A4100,THS_HD,BE,2001,153.13,
ESTAT:APRO_MT_LSSHEEP(1.0),27/06/22 23:00:00,A,M12,A4100,THS_HD,BE,2002,146.43,
ESTAT:APRO_MT_LSSHEEP(1.0),27/06/22 23:00:00,A,M12,A4100,THS_HD,BE,2012,119.26,
ESTAT:APRO_MT_LSSHEEP(1.0),27/06/22 23:00:00,A,M12,A4100,THS_HD,BE,2013,0.00,
ESTAT:APRO_MT_LSSHEEP(1.0),27/06/22 23:00:00,A,M12,A4100,THS_HD,BE,2015,117.32,e
ESTAT:APRO_MT_LSSHEEP(1.0),27/06/22 23:00:00,A,M12,A4100,THS_HD,BE,2016,86.23,
ESTAT:APRO_MT_LSSHEEP(1.0),27/06/22 23:00:00,A,M12,A4100,THS_HD,BE,2019,117.32,e
ESTAT:APRO_MT_LSSHEEP(1.0),27/06/22 23:00:00,A,M12,A4100,THS_HD,BG,1987,8886.00,
ESTAT:APRO_MT_LSSHEEP(1.0),27/06/22 23:00:00,A,M12,A4100,THS_HD,BG,1988,8609.00,
ESTAT:APRO_MT_LSSHEEP(1.0),27/06/22 23:00:00,A,M12,A4100,THS_HD,BG,1989,8130.00,
ESTAT:APRO_MT_LSSHEEP(1.0),27/06/22 23:00:00,A,M12,A4100,THS_HD,BG,1990,7938.00,
ESTAT:APRO_MT_LSSHEEP(1.0),27/06/22 23:00:00,A,M12,A4100,THS_HD,BG,1991,6703.00,
ESTAT:APRO_MT_LSSHEEP(1.0),27/06/22 23:00:00,A,M12,A4100,THS_HD,BG,1992,4814.00,
ESTAT:APRO_MT_LSSHEEP(1.0),27/06/22 23:00:00,A,M12,A4100,THS_HD,BG,1993,3763.00,
ESTAT:APRO_MT_LSSHEEP(1.0),27/06/22 23:00:00,A,M12,A4100,THS_HD,BG,1994,3398.00,
ESTAT:APRO_MT_LSSHEEP(1.0),27/06/22 23:00:00,A,M12,A4100,THS_HD,BG,1995,3383.00,
ESTAT:APRO_MT_LSSHEEP(1.0),27/06/22 23:00:00,A,M12,A4100,THS_HD,BG,1996,3020.00,
ESTAT:APRO_MT_LSSHEEP(1.0),27/06/22 23:00:00,A,M12,A4100,THS_HD,BG,1997,2848.00,
ESTAT:APRO_MT_LSSHEEP(1.0),27/06/22 23:00:00,A,M12,A4100,THS_HD,BG,1998,2774.00,
ESTAT:APRO_MT_LSSHEEP(1.0),27/06/22 23:00:00,A,M12,A4100,THS_HD,BG,1999,2526.00,
ESTAT:APRO_MT_LSSHEEP(1.0),27/06/22 23:00:00,A,M12,A4100,THS_HD,BG,2000,1709.70,
ESTAT:APRO_MT_LSSHEEP(1.0),27/06/22 23:00:00,A,M12,A4100,THS_HD,BG,2001,1571.40,
ESTAT:APRO_MT_LSSHEEP(1.0),27/06/22 23:00:00,A,M12,A4100,THS_HD,BG,2002,1728.40,
ESTAT:APRO_MT_LSSHEEP(1.0),27/06/22 23:00:00,A,M12,A4100,THS_HD,BG,2003,1598.60,
ESTAT:APRO_MT_LSSHEEP(1.0),27/06/22 23:00:00,A,M12,A4100,THS_HD,BG,2004,1692.51,
ESTAT:APRO_MT_LSSHEEP(1.0),27/06/22 23:00:00,A,M12,A4100,THS_HD,BG,2005,1602.26,
ESTAT:APRO_MT_LSSHEEP(1.0),27/06/22 23:00:00,A,M12,A4100,THS_HD,BG,2006,1635.41,
ESTAT:APRO_MT_LSSHEEP(1.0),27/06/22 23:00:00,A,M12,A4100,THS_HD,BG,2007,1526.39,
ESTAT:APRO_MT_LSSHEEP(1.0),27/06/22 23:00:00,A,M12,A4100,THS_HD,BG,2008,1474.85,
ESTAT:APRO_MT_LSSHEEP(1.0),27/06/22 23:00:00,A,M12,A4100,THS_HD,BG,2009,1400.25,
ESTAT:APRO_MT_LSSHEEP(1.0),27/06/22 23:00:00,A,M12,A4100,THS_HD,BG,2010,1367.99,
ESTAT:APRO_MT_LSSHEEP(1.0),27/06/22 23:00:00,A,M12,A4100,THS_HD,BG,2011,1454.62,
ESTAT:APRO_MT_LSSHEEP(1.0),27/06/22 23:00:00,A,M12,A4100,THS_HD,BG,2012,1361.55,
ESTAT:APRO_MT_LSSHEEP(1.0),27/06/22 23:00:00,A,M12,A4100,THS_HD,BG,2013,1369.58,
ESTAT:APRO_MT_LSSHEEP(1.0),27/06/22 23:00:00,A,M12,A4100,THS_HD,BG,2014,1335.28,
ESTAT:APRO_MT_LSSHEEP(1.0),27/06/22 23:00:00,A,M12,A4100,THS_HD,BG,2015,1331.89,
ESTAT:APRO_MT_LSSHEEP(1.0),27/06/22 23:00:00,A,M12,A4100,THS_HD,BG,2016,1360.09,
ESTAT:APRO_MT_LSSHEEP(1.0),27/06/22 23:00:00,A,M12,A4100,THS_HD,BG,2017,1316.78,
ESTAT:APRO_MT_LSSHEEP(1.0),27/06/22 23:00:00,A,M12,A4100,THS_HD,BG,2018,1350.03,
ESTAT:APRO_MT_LSSHEEP(1.0),27/06/22 23:00:00,A,M12,A4100,THS_HD,BG,2019,1280.98,
ESTAT:APRO_MT_LSSHEEP(1.0),27/06/22 23:00:00,A,M12,A4100,THS_HD,BG,2020,1307.77,
ESTAT:APRO_MT_LSSHEEP(1.0),27/06/22 23:00:00,A,M12,A4100,THS_HD,BG,2021,1199.55,
ESTAT:APRO_MT_LSSHEEP(1.0),27/06/22 23:00:00,A,M12,A4100,THS_HD,CY,1987,310.00,
ESTAT:APRO_MT_LSSHEEP(1.0),27/06/22 23:00:00,A,M12,A4100,THS_HD,CY,1988,300.00,
ESTAT:APRO_MT_LSSHEEP(1.0),27/06/22 23:00:00,A,M12,A4100,THS_HD,CY,1989,325.00,
ESTAT:APRO_MT_LSSHEEP(1.0),27/06/22 23:00:00,A,M12,A4100,THS_HD,CY,1990,310.00,
ESTAT:APRO_MT_LSSHEEP(1.0),27/06/22 23:00:00,A,M12,A4100,THS_HD,CY,1991,295.00,
ESTAT:APRO_MT_LSSHEEP(1.0),27/06/22 23:00:00,A,M12,A4100,THS_HD,CY,1992,285.00,
ESTAT:APRO_MT_LSSHEEP(1.0),27/06/22 23:00:00,A,M12,A4100,THS_HD,CY,1993,275.00,
ESTAT:APRO_MT_LSSHEEP(1.0),27/06/22 23:00:00,A,M12,A4100,THS_HD,CY,1994,255.00,
ESTAT:APRO_MT_LSSHEEP(1.0),27/06/22 23:00:00,A,M12,A4100,THS_HD,CY,1995,250.00,
ESTAT:APRO_MT_LSSHEEP(1.0),27/06/22 23:00:00,A,M12,A4100,THS_HD,CY,1996,252.00,
ESTAT:APRO_MT_LSSHEEP(1.0),27/06/22 23:00:00,A,M12,A4100,THS_HD,CY,1997,265.00,
ESTAT:APRO_MT_LSSHEEP(1.0),27/06/22 23:00:00,A,M12,A4100,THS_HD,CY,1998,240.00,
ESTAT:APRO_MT_LSSHEEP(1.0),27/06/22 23:00:00,A,M12,A4100,THS_HD,CY,1999,233.00,
ESTAT:APRO_MT_LSSHEEP(1.0),27/06/22 23:00:00,A,M12,A4100,THS_HD,CY,2000,227.00,
ESTAT:APRO_MT_LSSHEEP(1.0),27/06/22 23:00:00,A,M12,A4100,THS_HD,CY,2001,296.60,
ESTAT:APRO_MT_LSSHEEP(1.0),27/06/22 23:00:00,A,M12,A4100,THS_HD,CY,2002,274.36,
ESTAT:APRO_MT_LSSHEEP(1.0),27/06/22 23:00:00,A,M12,A4100,THS_HD,CY,2003,264.55,
ESTAT:APRO_MT_LSSHEEP(1.0),27/06/22 23:00:00,A,M12,A4100,THS_HD,CY,2004,278.98,
ESTAT:APRO_MT_LSSHEEP(1.0),27/06/22 23:00:00,A,M12,A4100,THS_HD,CY,2005,268.87,
ESTAT:APRO_MT_LSSHEEP(1.0),27/06/22 23:00:00,A,M12,A4100,THS_HD,CY,2006,272.19,
ESTAT:APRO_MT_LSSHEEP(1.0),27/06/22 23:00:00,A,M12,A4100,THS_HD,CY,2007,292.19,
ESTAT:APRO_MT_LSSHEEP(1.0),27/06/22 23:00:00,A,M12,A4100,THS_HD,CY,2008,268.82,
ESTAT:APRO_MT_LSSHEEP(1.0),27/06/22 23:00:00,A,M12,A4100,THS_HD,CY,2009,299.46,
ESTAT:APRO_MT_LSSHEEP(1.0),27/06/22 23:00:00,A,M12,A4100,THS_HD,CY,2010,328.22,
ESTAT:APRO_MT_LSSHEEP(1.0),27/06/22 23:00:00,A,M12,A4100,THS_HD,CY,2011,355.25,
ESTAT:APRO_MT_LSSHEEP(1.0),27/06/22 23:00:00,A,M12,A4100,THS_HD,CY,2012,346.84,
ESTAT:APRO_MT_LSSHEEP(1.0),27/06/22 23:00:00,A,M12,A4100,THS_HD,CY,2013,314.40,
ESTAT:APRO_MT_LSSHEEP(1.0),27/06/22 23:00:00,A,M12,A4100,THS_HD,CY,2014,292.98,
ESTAT:APRO_MT_LSSHEEP(1.0),27/06/22 23:00:00,A,M12,A4100,THS_HD,CY,2015,296.86,
ESTAT:APRO_MT_LSSHEEP(1.0),27/06/22 23:00:00,A,M12,A4100,THS_HD,CY,2016,304.19,
ESTAT:APRO_MT_LSSHEEP(1.0),27/06/22 23:00:00,A,M12,A4100,THS_HD,CY,2017,321.49,
ESTAT:APRO_MT_LSSHEEP(1.0),27/06/22 23:00:00,A,M12,A4100,THS_HD,CY,2018,310.99,
ESTAT:APRO_MT_LSSHEEP(1.0),27/06/22 23:00:00,A,M12,A4100,THS_HD,CY,2019,323.24,
ESTAT:APRO_MT_LSSHEEP(1.0),27/06/22 23:00:00,A,M12,A4100,THS_HD,CY,2020,326.33,
ESTAT:APRO_MT_LSSHEEP(1.0),27/06/22 23:00:00,A,M12,A4100,THS_HD,CZ,1987,404.00,
ESTAT:APRO_MT_LSSHEEP(1.0),27/06/22 23:00:00,A,M12,A4100,THS_HD,CZ,1988,399.00,
ESTAT:APRO_MT_LSSHEEP(1.0),27/06/22 23:00:00,A,M12,A4100,THS_HD,CZ,1989,430.00,
ESTAT:APRO_MT_LSSHEEP(1.0),27/06/22 23:00:00,A,M12,A4100,THS_HD,CZ,1990,430.00,
ESTAT:APRO_MT_LSSHEEP(1.0),27/06/22 23:00:00,A,M12,A4100,THS_HD,CZ,1991,343.00,
ESTAT:APRO_MT_LSSHEEP(1.0),27/06/22 23:00:00,A,M12,A4100,THS_HD,CZ,1992,254.00,
ESTAT:APRO_MT_LSSHEEP(1.0),27/06/22 23:00:00,A,M12,A4100,THS_HD,CZ,1993,196.00,
ESTAT:APRO_MT_LSSHEEP(1.0),27/06/22 23:00:00,A,M12,A4100,THS_HD,CZ,1994,165.00,
ESTAT:APRO_MT_LSSHEEP(1.0),27/06/22 23:00:00,A,M12,A4100,THS_HD,CZ,1995,134.00,
ESTAT:APRO_MT_LSSHEEP(1.0),27/06/22 23:00:00,A,M12,A4100,THS_HD,CZ,1996,121.00,
ESTAT:APRO_MT_LSSHEEP(1.0),27/06/22 23:00:00,A,M12,A4100,THS_HD,CZ,1997,94.00,
ESTAT:APRO_MT_LSSHEEP(1.0),27/06/22 23:00:00,A,M12,A4100,THS_HD,CZ,1998,86.00,
ESTAT:APRO_MT_LSSHEEP(1.0),27/06/22 23:00:00,A,M12,A4100,THS_HD,CZ,1999,84.00,
ESTAT:APRO_MT_LSSHEEP(1.0),27/06/22 23:00:00,A,M12,A4100,THS_HD,CZ,2000,90.00,
ESTAT:APRO_MT_LSSHEEP(1.0),27/06/22 23:00:00,A,M12,A4100,THS_HD,CZ,2001,96.00,
ESTAT:APRO_MT_LSSHEEP(1.0),27/06/22 23:00:00,A,M12,A4100,THS_HD,CZ,2002,103.00,
ESTAT:APRO_MT_LSSHEEP(1.0),27/06/22 23:00:00,A,M12,A4100,THS_HD,CZ,2003,116.00,
ESTAT:APRO_MT_LSSHEEP(1.0),27/06/22 23:00:00,A,M12,A4100,THS_HD,CZ,2004,155.00,
ESTAT:APRO_MT_LSSHEEP(1.0),27/06/22 23:00:00,A,M12,A4100,THS_HD,CZ,2005,163.41,
ESTAT:APRO_MT_LSSHEEP(1.0),27/06/22 23:00:00,A,M12,A4100,THS_HD,CZ,2006,168.91,
ESTAT:APRO_MT_LSSHEEP(1.0),27/06/22 23:00:00,A,M12,A4100,THS_HD,CZ,2007,183.62,
ESTAT:APRO_MT_LSSHEEP(1.0),27/06/22 23:00:00,A,M12,A4100,THS_HD,CZ,2008,183.08,
ESTAT:APRO_MT_LSSHEEP(1.0),27/06/22 23:00:00,A,M12,A4100,THS_HD,CZ,2009,196.91,
ESTAT:APRO_MT_LSSHEEP(1.0),27/06/22 23:00:00,A,M12,A4100,THS_HD,CZ,2015,218.49,e
ESTAT:APRO_MT_LSSHEEP(1.0),27/06/22 23:00:00,A,M12,A4100,THS_HD,CZ,2019,213.07,e
ESTAT:APRO_MT_LSSHEEP(1.0),27/06/22 23:00:00,A,M12,A4100,THS_HD,DE,1960,1037.00,
ESTAT:APRO_MT_LSSHEEP(1.0),27/06/22 23:00:00,A,M12,A4100,THS_HD,DE,1961,1011.00,
ESTAT:APRO_MT_LSSHEEP(1.0),27/06/22 23:00:00,A,M12,A4100,THS_HD,DE,1962,981.00,
ESTAT:APRO_MT_LSSHEEP(1.0),27/06/22 23:00:00,A,M12,A4100,THS_HD,DE,1963,898.00,
ESTAT:APRO_MT_LSSHEEP(1.0),27/06/22 23:00:00,A,M12,A4100,THS_HD,DE,1964,841.00,
ESTAT:APRO_MT_LSSHEEP(1.0),27/06/22 23:00:00,A,M12,A4100,THS_HD,DE,1965,797.00,
ESTAT:APRO_MT_LSSHEEP(1.0),27/06/22 23:00:00,A,M12,A4100,THS_HD,DE,1966,812.00,
ESTAT:APRO_MT_LSSHEEP(1.0),27/06/22 23:00:00,A,M12,A4100,THS_HD,DE,1967,810.00,
ESTAT:APRO_MT_LSSHEEP(1.0),27/06/22 23:00:00,A,M12,A4100,THS_HD,DE,1968,830.00,
ESTAT:APRO_MT_LSSHEEP(1.0),27/06/22 23:00:00,A,M12,A4100,THS_HD,DE,1969,841.00,
ESTAT:APRO_MT_LSSHEEP(1.0),27/06/22 23:00:00,A,M12,A4100,THS_HD,DE,1970,843.00,
ESTAT:APRO_MT_LSSHEEP(1.0),27/06/22 23:00:00,A,M12,A4100,THS_HD,DE,1971,850.00,
ESTAT:APRO_MT_LSSHEEP(1.0),27/06/22 23:00:00,A,M12,A4100,THS_HD,DE,1972,908.00,
ESTAT:APRO_MT_LSSHEEP(1.0),27/06/22 23:00:00,A,M12,A4100,THS_HD,DE,1973,1016.00,
ESTAT:APRO_MT_LSSHEEP(1.0),27/06/22 23:00:00,A,M12,A4100,THS_HD,DE,1974,1040.00,
ESTAT:APRO_MT_LSSHEEP(1.0),27/06/22 23:00:00,A,M12,A4100,THS_HD,DE,1975,1087.00,
ESTAT:APRO_MT_LSSHEEP(1.0),27/06/22 23:00:00,A,M12,A4100,THS_HD,DE,1976,1091.00,
ESTAT:APRO_MT_LSSHEEP(1.0),27/06/22 23:00:00,A,M12,A4100,THS_HD,DE,1977,1135.00,
ESTAT:APRO_MT_LSSHEEP(1.0),27/06/22 23:00:00,A,M12,A4100,THS_HD,DE,1978,1136.00,
ESTAT:APRO_MT_LSSHEEP(1.0),27/06/22 23:00:00,A,M12,A4100,THS_HD,DE,1979,1145.00,
ESTAT:APRO_MT_LSSHEEP(1.0),27/06/22 23:00:00,A,M12,A4100,THS_HD,DE,1980,1179.00,
ESTAT:APRO_MT_LSSHEEP(1.0),27/06/22 23:00:00,A,M12,A4100,THS_HD,DE,1981,1108.00,
ESTAT:APRO_MT_LSSHEEP(1.0),27/06/22 23:00:00,A,M12,A4100,THS_HD,DE,1982,1172.00,
ESTAT:APRO_MT_LSSHEEP(1.0),27/06/22 23:00:00,A,M12,A4100,THS_HD,DE,1983,1217.82,
ESTAT:APRO_MT_LSSHEEP(1.0),27/06/22 23:00:00,A,M12,A4100,THS_HD,DE,1984,1300.00,
ESTAT:APRO_MT_LSSHEEP(1.0),27/06/22 23:00:00,A,M12,A4100,THS_HD,DE,1985,1295.77,
ESTAT:APRO_MT_LSSHEEP(1.0),27/06/22 23:00:00,A,M12,A4100,THS_HD,DE,1986,1383.00,
ESTAT:APRO_MT_LSSHEEP(1.0),27/06/22 23:00:00,A,M12,A4100,THS_HD,DE,1987,1413.72,
ESTAT:APRO_MT_LSSHEEP(1.0),27/06/22 23:00:00,A,M12,A4100,THS_HD,DE,1988,1464.28,
ESTAT:APRO_MT_LSSHEEP(1.0),27/06/22 23:00:00,A,M12,A4100,THS_HD,DE,1989,1532.55,
ESTAT:APRO_MT_LSSHEEP(1.0),27/06/22 23:00:00,A,M12,A4100,THS_HD,DE,1990,1783.85,
ESTAT:APRO_MT_LSSHEEP(1.0),27/06/22 23:00:00,A,M12,A4100,THS_HD,DE,1991,2488.00,
ESTAT:APRO_MT_LSSHEEP(1.0),27/06/22 23:00:00,A,M12,A4100,THS_HD,DE,1992,2386.00,
ESTAT:APRO_MT_LSSHEEP(1.0),27/06/22 23:00:00,A,M12,A4100,THS_HD,DE,1993,2369.00,
ESTAT:APRO_MT_LSSHEEP(1.0),27/06/22 23:00:00,A,M12,A4100,THS_HD,DE,1994,2340.00,
ESTAT:APRO_MT_LSSHEEP(1.0),27/06/22 23:00:00,A,M12,A4100,THS_HD,DE,1995,2394.74,
ESTAT:APRO_MT_LSSHEEP(1.0),27/06/22 23:00:00,A,M12,A4100,THS_HD,DE,1996,2324.02,
ESTAT:APRO_MT_LSSHEEP(1.0),27/06/22 23:00:00,A,M12,A4100,THS_HD,DE,1997,2301.92,
ESTAT:APRO_MT_LSSHEEP(1.0),27/06/22 23:00:00,A,M12,A4100,THS_HD,DE,1998,2280.00,
ESTAT:APRO_MT_LSSHEEP(1.0),27/06/22 23:00:00,A,M12,A4100,THS_HD,DE,1999,2170.00,
ESTAT:APRO_MT_LSSHEEP(1.0),27/06/22 23:00:00,A,M12,A4100,THS_HD,DE,2000,2165.00,
ESTAT:APRO_MT_LSSHEEP(1.0),27/06/22 23:00:00,A,M12,A4100,THS_HD,DE,2001,2185.00,
ESTAT:APRO_MT_LSSHEEP(1.0),27/06/22 23:00:00,A,M12,A4100,THS_HD,DE,2002,2145.00,
ESTAT:APRO_MT_LSSHEEP(1.0),27/06/22 23:00:00,A,M12,A4100,THS_HD,DE,2003,2125.00,
ESTAT:APRO_MT_LSSHEEP(1.0),27/06/22 23:00:00,A,M12,A4100,THS_HD,DE,2004,2138.00,
ESTAT:APRO_MT_LSSHEEP(1.0),27/06/22 23:00:00,A,M12,A4100,THS_HD,DE,2005,2036.00,
ESTAT:APRO_MT_LSSHEEP(1.0),27/06/22 23:00:00,A,M12,A4100,THS_HD,DE,2006,2017.00,
ESTAT:APRO_MT_LSSHEEP(1.0),27/06/22 23:00:00,A,M12,A4100,THS_HD,DE,2007,1925.70,
ESTAT:APRO_MT_LSSHEEP(1.0),27/06/22 23:00:00,A,M12,A4100,THS_HD,DE,2008,1919.90,
ESTAT:APRO_MT_LSSHEEP(1.0),27/06/22 23:00:00,A,M12,A4100,THS_HD,DE,2009,1851.70,
ESTAT:APRO_MT_LSSHEEP(1.0),27/06/22 23:00:00,A,M12,A4100,THS_HD,DE,2010,1799.70,
ESTAT:APRO_MT_LSSHEEP(1.0),27/06/22 23:00:00,A,M12,A4100,THS_HD,DE,2011,1657.81,
ESTAT:APRO_MT_LSSHEEP(1.0),27/06/22 23:00:00,A,M12,A4100,THS_HD,DE,2012,1641.01,
ESTAT:APRO_MT_LSSHEEP(1.0),27/06/22 23:00:00,A,M12,A4100,THS_HD,DE,2013,1569.96,
ESTAT:APRO_MT_LSSHEEP(1.0),27/06/22 23:00:00,A,M12,A4100,THS_HD,DE,2014,1600.78,
ESTAT:APRO_MT_LSSHEEP(1.0),27/06/22 23:00:00,A,M12,A4100,THS_HD,DE,2015,1579.79,
ESTAT:APRO_MT_LSSHEEP(1.0),27/06/22 23:00:00,A,M12,A4100,THS_HD,DE,2016,1574.27,
ESTAT:APRO_MT_LSSHEEP(1.0),27/06/22 23:00:00,A,M12,A4100,THS_HD,DE,2017,1579.79,
ESTAT:APRO_MT_LSSHEEP(1.0),27/06/22 23:00:00,A,M12,A4100,THS_HD,DE,2018,1569.90,
ESTAT:APRO_MT_LSSHEEP(1.0),27/06/22 23:00:00,A,M12,A4100,THS_HD,DE,2019,1556.50,
ESTAT:APRO_MT_LSSHEEP(1.0),27/06/22 23:00:00,A,M12,A4100,THS_HD,DE,2020,1483.70,
ESTAT:APRO_MT_LSSHEEP(1.0),27/06/22 23:00:00,A,M12,A4100,THS_HD,DE,2021,1508.10,
ESTAT:APRO_MT_LSSHEEP(1.0),27/06/22 23:00:00,A,M12,A4100,THS_HD,DK,1960,44.00,
ESTAT:APRO_MT_LSSHEEP(1.0),27/06/22 23:00:00,A,M12,A4100,THS_HD,DK,1961,47.00,
ESTAT:APRO_MT_LSSHEEP(1.0),27/06/22 23:00:00,A,M12,A4100,THS_HD,DK,1962,52.00,
ESTAT:APRO_MT_LSSHEEP(1.0),27/06/22 23:00:00,A,M12,A4100,THS_HD,DK,1963,61.00,
ESTAT:APRO_MT_LSSHEEP(1.0),27/06/22 23:00:00,A,M12,A4100,THS_HD,DK,1964,71.00,
ESTAT:APRO_MT_LSSHEEP(1.0),27/06/22 23:00:00,A,M12,A4100,THS_HD,DK,1965,93.00,
ESTAT:APRO_MT_LSSHEEP(1.0),27/06/22 23:00:00,A,M12,A4100,THS_HD,DK,1966,112.00,
ESTAT:APRO_MT_LSSHEEP(1.0),27/06/22 23:00:00,A,M12,A4100,THS_HD,DK,1967,122.00,
ESTAT:APRO_MT_LSSHEEP(1.0),27/06/22 23:00:00,A,M12,A4100,THS_HD,DK,1968,110.00,
ESTAT:APRO_MT_LSSHEEP(1.0),27/06/22 23:00:00,A,M12,A4100,THS_HD,DK,1969,90.00,
ESTAT:APRO_MT_LSSHEEP(1.0),27/06/22 23:00:00,A,M12,A4100,THS_HD,DK,1970,70.00,
ESTAT:APRO_MT_LSSHEEP(1.0),27/06/22 23:00:00,A,M12,A4100,THS_HD,DK,1971,57.00,
ESTAT:APRO_MT_LSSHEEP(1.0),27/06/22 23:00:00,A,M12,A4100,THS_HD,DK,1972,52.00,
ESTAT:APRO_MT_LSSHEEP(1.0),27/06/22 23:00:00,A,M12,A4100,THS_HD,DK,1973,56.00,
ESTAT:APRO_MT_LSSHEEP(1.0),27/06/22 23:00:00,A,M12,A4100,THS_HD,DK,1974,59.00,
ESTAT:APRO_MT_LSSHEEP(1.0),27/06/22 23:00:00,A,M12,A4100,THS_HD,DK,1975,61.00,
ESTAT:APRO_MT_LSSHEEP(1.0),27/06/22 23:00:00,A,M12,A4100,THS_HD,DK,1976,59.00,
ESTAT:APRO_MT_LSSHEEP(1.0),27/06/22 23:00:00,A,M12,A4100,THS_HD,DK,1977,56.00,
ESTAT:APRO_MT_LSSHEEP(1.0),27/06/22 23:00:00,A,M12,A4100,THS_HD,DK,1978,56.00,
ESTAT:APRO_MT_LSSHEEP(1.0),27/06/22 23:00:00,A,M12,A4100,THS_HD,DK,1979,54.00,
ESTAT:APRO_MT_LSSHEEP(1.0),27/06/22 23:00:00,A,M12,A4100,THS_HD,DK,1980,56.00,
ESTAT:APRO_MT_LSSHEEP(1.0),27/06/22 23:00:00,A,M12,A4100,THS_HD,DK,1981,36.00,
ESTAT:APRO_MT_LSSHEEP(1.0),27/06/22 23:00:00,A,M12,A4100,THS_HD,DK,1982,37.00,
ESTAT:APRO_MT_LSSHEEP(1.0),27/06/22 23:00:00,A,M12,A4100,THS_HD,DK,1983,39.00,
ESTAT:APRO_MT_LSSHEEP(1.0),27/06/22 23:00:00,A,M12,A4100,THS_HD,DK,1984,40.00,
ESTAT:APRO_MT_LSSHEEP(1.0),27/06/22 23:00:00,A,M12,A4100,THS_HD,DK,1985,52.00,
ESTAT:APRO_MT_LSSHEEP(1.0),27/06/22 23:00:00,A,M12,A4100,THS_HD,DK,1986,70.00,
ESTAT:APRO_MT_LSSHEEP(1.0),27/06/22 23:00:00,A,M12,A4100,THS_HD,DK,1987,73.00,
ESTAT:APRO_MT_LSSHEEP(1.0),27/06/22 23:00:00,A,M12,A4100,THS_HD,DK,1988,86.00,
ESTAT:APRO_MT_LSSHEEP(1.0),27/06/22 23:00:00,A,M12,A4100,THS_HD,DK,1989,97.00,
ESTAT:APRO_MT_LSSHEEP(1.0),27/06/22 23:00:00,A,M12,A4100,THS_HD,DK,1990,111.00,
ESTAT:APRO_MT_LSSHEEP(1.0),27/06/22 23:00:00,A,M12,A4100,THS_HD,DK,1991,122.00,
ESTAT:APRO_MT_LSSHEEP(1.0),27/06/22 23:00:00,A,M12,A4100,THS_HD,DK,1992,102.00,
ESTAT:APRO_MT_LSSHEEP(1.0),27/06/22 23:00:00,A,M12,A4100,THS_HD,DK,1993,87.00,
ESTAT:APRO_MT_LSSHEEP(1.0),27/06/22 23:00:00,A,M12,A4100,THS_HD,DK,1994,79.00,
ESTAT:APRO_MT_LSSHEEP(1.0),27/06/22 23:00:00,A,M12,A4100,THS_HD,DK,1995,93.00,
ESTAT:APRO_MT_LSSHEEP(1.0),27/06/22 23:00:00,A,M12,A4100,THS_HD,DK,1996,92.00,
ESTAT:APRO_MT_LSSHEEP(1.0),27/06/22 23:00:00,A,M12,A4100,THS_HD,DK,1997,103.00,
ESTAT:APRO_MT_LSSHEEP(1.0),27/06/22 23:00:00,A,M12,A4100,THS_HD,DK,1998,108.00,
ESTAT:APRO_MT_LSSHEEP(1.0),27/06/22 23:00:00,A,M12,A4100,THS_HD,DK,1999,106.00,
ESTAT:APRO_MT_LSSHEEP(1.0),27/06/22 23:00:00,A,M12,A4100,THS_HD,DK,2000,116.00,
ESTAT:APRO_MT_LSSHEEP(1.0),27/06/22 23:00:00,A,M12,A4100,THS_HD,DK,2001,111.00,
ESTAT:APRO_MT_LSSHEEP(1.0),27/06/22 23:00:00,A,M12,A4100,THS_HD,DK,2002,92.00,
ESTAT:APRO_MT_LSSHEEP(1.0),27/06/22 23:00:00,A,M12,A4100,THS_HD,DK,2003,105.00,
ESTAT:APRO_MT_LSSHEEP(1.0),27/06/22 23:00:00,A,M12,A4100,THS_HD,DK,2004,88.00,
ESTAT:APRO_MT_LSSHEEP(1.0),27/06/22 23:00:00,A,M12,A4100,THS_HD,DK,2005,84.00,
ESTAT:APRO_MT_LSSHEEP(1.0),27/06/22 23:00:00,A,M12,A4100,THS_HD,DK,2006,98.00,
ESTAT:APRO_MT_LSSHEEP(1.0),27/06/22 23:00:00,A,M12,A4100,THS_HD,DK,2007,98.00,
ESTAT:APRO_MT_LSSHEEP(1.0),27/06/22 23:00:00,A,M12,A4100,THS_HD,DK,2008,90.00,
ESTAT:APRO_MT_LSSHEEP(1.0),27/06/22 23:00:00,A,M12,A4100,THS_HD,DK,2015,144.95,e
ESTAT:APRO_MT_LSSHEEP(1.0),27/06/22 23:00:00,A,M12,A4100,THS_HD,DK,2019,138.01,e
ESTAT:APRO_MT_LSSHEEP(1.0),27/06/22 23:00:00,A,M12,A4100,THS_HD,EE,1987,135.40,
ESTAT:APRO_MT_LSSHEEP(1.0),27/06/22 23:00:00,A,M12,A4100,THS_HD,EE,1988,134.30,
ESTAT:APRO_MT_LSSHEEP(1.0),27/06/22 23:00:00,A,M12,A4100,THS_HD,EE,1989,139.40,
ESTAT:APRO_MT_LSSHEEP(1.0),27/06/22 23:00:00,A,M12,A4100,THS_HD,EE,1990,138.90,
ESTAT:APRO_MT_LSSHEEP(1.0),27/06/22 23:00:00,A,M12,A4100,THS_HD,EE,1991,141.90,
ESTAT:APRO_MT_LSSHEEP(1.0),27/06/22 23:00:00,A,M12,A4100,THS_HD,EE,1992,123.10,
ESTAT:APRO_MT_LSSHEEP(1.0),27/06/22 23:00:00,A,M12,A4100,THS_HD,EE,1993,82.20,
ESTAT:APRO_MT_LSSHEEP(1.0),27/06/22 23:00:00,A,M12,A4100,THS_HD,EE,1994,60.00,
ESTAT:APRO_MT_LSSHEEP(1.0),27/06/22 23:00:00,A,M12,A4100,THS_HD,EE,1995,48.10,
ESTAT:APRO_MT_LSSHEEP(1.0),27/06/22 23:00:00,A,M12,A4100,THS_HD,EE,1996,37.60,
ESTAT:APRO_MT_LSSHEEP(1.0),27/06/22 23:00:00,A,M12,A4100,THS_HD,EE,1997,33.90,
ESTAT:APRO_MT_LSSHEEP(1.0),27/06/22 23:00:00,A,M12,A4100,THS_HD,EE,1998,28.70,
ESTAT:APRO_MT_LSSHEEP(1.0),27/06/22 23:00:00,A,M12,A4100,THS_HD,EE,1999,28.20,
ESTAT:APRO_MT_LSSHEEP(1.0),27/06/22 23:00:00,A,M12,A4100,THS_HD,EE,2000,29.00,
ESTAT:APRO_MT_LSSHEEP(1.0),27/06/22 23:00:00,A,M12,A4100,THS_HD,EE,2001,28.80,
ESTAT:APRO_MT_LSSHEEP(1.0),27/06/22 23:00:00,A,M12,A4100,THS_HD,EE,2002,29.90,
ESTAT:APRO_MT_LSSHEEP(1.0),27/06/22 23:00:00,A,M12,A4100,THS_HD,EE,2003,30.80,
ESTAT:APRO_MT_LSSHEEP(1.0),27/06/22 23:00:00,A,M12,A4100,THS_HD,EE,2004,41.50,
ESTAT:APRO_MT_LSSHEEP(1.0),27/06/22 23:00:00,A,M12,A4100,THS_HD,EE,2005,49.00,
ESTAT:APRO_MT_LSSHEEP(1.0),27/06/22 23:00:00,A,M12,A4100,THS_HD,EE,2006,58.10,
ESTAT:APRO_MT_LSSHEEP(1.0),27/06/22 23:00:00,A,M12,A4100,THS_HD,EE,2007,73.90,
ESTAT:APRO_MT_LSSHEEP(1.0),27/06/22 23:00:00,A,M12,A4100,THS_HD,EE,2008,62.40,
ESTAT:APRO_MT_LSSHEEP(1.0),27/06/22 23:00:00,A,M12,A4100,THS_HD,EE,2015,85.90,e
ESTAT:APRO_MT_LSSHEEP(1.0),27/06/22 23:00:00,A,M12,A4100,THS_HD,EE,2019,73.10,e
ESTAT:APRO_MT_LSSHEEP(1.0),27/06/22 23:00:00,A,M12,A4100,THS_HD,EL,1960,9353.00,
ESTAT:APRO_MT_LSSHEEP(1.0),27/06/22 23:00:00,A,M12,A4100,THS_HD,EL,1961,8962.00,
ESTAT:APRO_MT_LSSHEEP(1.0),27/06/22 23:00:00,A,M12,A4100,THS_HD,EL,1962,8899.00,
ESTAT:APRO_MT_LSSHEEP(1.0),27/06/22 23:00:00,A,M12,A4100,THS_HD,EL,1963,8513.00,
ESTAT:APRO_MT_LSSHEEP(1.0),27/06/22 23:00:00,A,M12,A4100,THS_HD,EL,1964,8097.00,
ESTAT:APRO_MT_LSSHEEP(1.0),27/06/22 23:00:00,A,M12,A4100,THS_HD,EL,1965,7819.00,
ESTAT:APRO_MT_LSSHEEP(1.0),27/06/22 23:00:00,A,M12,A4100,THS_HD,EL,1966,7829.00,
ESTAT:APRO_MT_LSSHEEP(1.0),27/06/22 23:00:00,A,M12,A4100,THS_HD,EL,1967,7874.00,
ESTAT:APRO_MT_LSSHEEP(1.0),27/06/22 23:00:00,A,M12,A4100,THS_HD,EL,1968,7724.00,
ESTAT:APRO_MT_LSSHEEP(1.0),27/06/22 23:00:00,A,M12,A4100,THS_HD,EL,1969,7680.00,
ESTAT:APRO_MT_LSSHEEP(1.0),27/06/22 23:00:00,A,M12,A4100,THS_HD,EL,1970,7535.00,
ESTAT:APRO_MT_LSSHEEP(1.0),27/06/22 23:00:00,A,M12,A4100,THS_HD,EL,1971,7686.00,
ESTAT:APRO_MT_LSSHEEP(1.0),27/06/22 23:00:00,A,M12,A4100,THS_HD,EL,1972,7906.00,
ESTAT:APRO_MT_LSSHEEP(1.0),27/06/22 23:00:00,A,M12,A4100,THS_HD,EL,1973,8367.03,
ESTAT:APRO_MT_LSSHEEP(1.0),27/06/22 23:00:00,A,M12,A4100,THS_HD,EL,1974,8273.93,
ESTAT:APRO_MT_LSSHEEP(1.0),27/06/22 23:00:00,A,M12,A4100,THS_HD,EL,1975,8360.57,
ESTAT:APRO_MT_LSSHEEP(1.0),27/06/22 23:00:00,A,M12,A4100,THS_HD,EL,1976,8299.50,
ESTAT:APRO_MT_LSSHEEP(1.0),27/06/22 23:00:00,A,M12,A4100,THS_HD,EL,1977,8075.49,
ESTAT:APRO_MT_LSSHEEP(1.0),27/06/22 23:00:00,A,M12,A4100,THS_HD,EL,1978,8029.48,
ESTAT:APRO_MT_LSSHEEP(1.0),27/06/22 23:00:00,A,M12,A4100,THS_HD,EL,1979,8042.54,
ESTAT:APRO_MT_LSSHEEP(1.0),27/06/22 23:00:00,A,M12,A4100,THS_HD,EL,1980,8048.43,
ESTAT:APRO_MT_LSSHEEP(1.0),27/06/22 23:00:00,A,M12,A4100,THS_HD,EL,1981,8143.70,
ESTAT:APRO_MT_LSSHEEP(1.0),27/06/22 23:00:00,A,M12,A4100,THS_HD,EL,1982,9830.42,
ESTAT:APRO_MT_LSSHEEP(1.0),27/06/22 23:00:00,A,M12,A4100,THS_HD,EL,1983,9962.19,
ESTAT:APRO_MT_LSSHEEP(1.0),27/06/22 23:00:00,A,M12,A4100,THS_HD,EL,1984,10028.61,
ESTAT:APRO_MT_LSSHEEP(1.0),27/06/22 23:00:00,A,M12,A4100,THS_HD,EL,1985,9989.41,
ESTAT:APRO_MT_LSSHEEP(1.0),27/06/22 23:00:00,A,M12,A4100,THS_HD,EL,1986,11032.02,
ESTAT:APRO_MT_LSSHEEP(1.0),27/06/22 23:00:00,A,M12,A4100,THS_HD,EL,1987,10815.88,
ESTAT:APRO_MT_LSSHEEP(1.0),27/06/22 23:00:00,A,M12,A4100,THS_HD,EL,1988,10376.32,
ESTAT:APRO_MT_LSSHEEP(1.0),27/06/22 23:00:00,A,M12,A4100,THS_HD,EL,1989,10353.33,
ESTAT:APRO_MT_LSSHEEP(1.0),27/06/22 23:00:00,A,M12,A4100,THS_HD,EL,1990,10149.52,
ESTAT:APRO_MT_LSSHEEP(1.0),27/06/22 23:00:00,A,M12,A4100,THS_HD,EL,1991,9837.00,
ESTAT:APRO_MT_LSSHEEP(1.0),27/06/22 23:00:00,A,M12,A4100,THS_HD,EL,1992,10108.00,
ESTAT:APRO_MT_LSSHEEP(1.0),27/06/22 23:00:00,A,M12,A4100,THS_HD,EL,1993,10069.00,
ESTAT:APRO_MT_LSSHEEP(1.0),27/06/22 23:00:00,A,M12,A4100,THS_HD,EL,1994,9232.00,
ESTAT:APRO_MT_LSSHEEP(1.0),27/06/22 23:00:00,A,M12,A4100,THS_HD,EL,1995,9606.00,
ESTAT:APRO_MT_LSSHEEP(1.0),27/06/22 23:00:00,A,M12,A4100,THS_HD,EL,1996,9244.00,
ESTAT:APRO_MT_LSSHEEP(1.0),27/06/22 23:00:00,A,M12,A4100,THS_HD,EL,1997,9516.00,
ESTAT:APRO_MT_LSSHEEP(1.0),27/06/22 23:00:00,A,M12,A4100,THS_HD,EL,1998,8823.00,
ESTAT:APRO_MT_LSSHEEP(1.0),27/06/22 23:00:00,A,M12,A4100,THS_HD,EL,1999,8732.00,
ESTAT:APRO_MT_LSSHEEP(1.0),27/06/22 23:00:00,A,M12,A4100,THS_HD,EL,2000,9269.00,
ESTAT:APRO_MT_LSSHEEP(1.0),27/06/22 23:00:00,A,M12,A4100,THS_HD,EL,2001,9060.00,
ESTAT:APRO_MT_LSSHEEP(1.0),27/06/22 23:00:00,A,M12,A4100,THS_HD,EL,2002,8858.00,
ESTAT:APRO_MT_LSSHEEP(1.0),27/06/22 23:00:00,A,M12,A4100,THS_HD,EL,2003,9326.00,
ESTAT:APRO_MT_LSSHEEP(1.0),27/06/22 23:00:00,A,M12,A4100,THS_HD,EL,2004,9241.00,
ESTAT:APRO_MT_LSSHEEP(1.0),27/06/22 23:00:00,A,M12,A4100,THS_HD,EL,2005,8744.73,
ESTAT:APRO_MT_LSSHEEP(1.0),27/06/22 23:00:00,A,M12,A4100,THS_HD,EL,2006,8975.49,
ESTAT:APRO_MT_LSSHEEP(1.0),27/06/22 23:00:00,A,M12,A4100,THS_HD,EL,2007,8984.00,
ESTAT:APRO_MT_LSSHEEP(1.0),27/06/22 23:00:00,A,M12,A4100,THS_HD,EL,2008,8994.00,
ESTAT:APRO_MT_LSSHEEP(1.0),27/06/22 23:00:00,A,M12,A4100,THS_HD,EL,2009,8859.00,
ESTAT:APRO_MT_LSSHEEP(1.0),27/06/22 23:00:00,A,M12,A4100,THS_HD,EL,2010,9791.00,
ESTAT:APRO_MT_LSSHEEP(1.0),27/06/22 23:00:00,A,M12,A4100,THS_HD,EL,2011,9781.00,
ESTAT:APRO_MT_LSSHEEP(1.0),27/06/22 23:00:00,A,M12,A4100,THS_HD,EL,2012,9213.00,
ESTAT:APRO_MT_LSSHEEP(1.0),27/06/22 23:00:00,A,M12,A4100,THS_HD,EL,2013,9356.00,
ESTAT:APRO_MT_LSSHEEP(1.0),27/06/22 23:00:00,A,M12,A4100,THS_HD,EL,2014,9072.00,
ESTAT:APRO_MT_LSSHEEP(1.0),27/06/22 23:00:00,A,M12,A4100,THS_HD,EL,2015,8852.00,
ESTAT:APRO_MT_LSSHEEP(1.0),27/06/22 23:00:00,A,M12,A4100,THS_HD,EL,2016,8739.00,
ESTAT:APRO_MT_LSSHEEP(1.0),27/06/22 23:00:00,A,M12,A4100,THS_HD,EL,2017,8593.00,
ESTAT:APRO_MT_LSSHEEP(1.0),27/06/22 23:00:00,A,M12,A4100,THS_HD,EL,2018,8430.00,
ESTAT:APRO_MT_LSSHEEP(1.0),27/06/22 23:00:00,A,M12,A4100,THS_HD,EL,2019,8427.00,
ESTAT:APRO_MT_LSSHEEP(1.0),27/06/22 23:00:00,A,M12,A4100,THS_HD,EL,2020,7306.00,
ESTAT:APRO_MT_LSSHEEP(1.0),27/06/22 23:00:00,A,M12,A4100,THS_HD,EL,2021,7253.00,
ESTAT:APRO_MT_LSSHEEP(1.0),27/06/22 23:00:00,A,M12,A4100,THS_HD,ES,1981,14678.00,
ESTAT:APRO_MT_LSSHEEP(1.0),27/06/22 23:00:00,A,M12,A4100,THS_HD,ES,1982,16456.00,
ESTAT:APRO_MT_LSSHEEP(1.0),27/06/22 23:00:00,A,M12,A4100,THS_HD,ES,1983,16755.00,
ESTAT:APRO_MT_LSSHEEP(1.0),27/06/22 23:00:00,A,M12,A4100,THS_HD,ES,1984,17035.65,
ESTAT:APRO_MT_LSSHEEP(1.0),27/06/22 23:00:00,A,M12,A4100,THS_HD,ES,1985,16934.41,
ESTAT:APRO_MT_LSSHEEP(1.0),27/06/22 23:00:00,A,M12,A4100,THS_HD,ES,1986,17878.70,
ESTAT:APRO_MT_LSSHEEP(1.0),27/06/22 23:00:00,A,M12,A4100,THS_HD,ES,1987,22988.19,
ESTAT:APRO_MT_LSSHEEP(1.0),27/06/22 23:00:00,A,M12,A4100,THS_HD,ES,1988,23057.48,
ESTAT:APRO_MT_LSSHEEP(1.0),27/06/22 23:00:00,A,M12,A4100,THS_HD,ES,1989,22729.89,
ESTAT:APRO_MT_LSSHEEP(1.0),27/06/22 23:00:00,A,M12,A4100,THS_HD,ES,1990,24021.74,
ESTAT:APRO_MT_LSSHEEP(1.0),27/06/22 23:00:00,A,M12,A4100,THS_HD,ES,1991,24608.00,
ESTAT:APRO_MT_LSSHEEP(1.0),27/06/22 23:00:00,A,M12,A4100,THS_HD,ES,1992,24574.00,
ESTAT:APRO_MT_LSSHEEP(1.0),27/06/22 23:00:00,A,M12,A4100,THS_HD,ES,1993,23836.00,
ESTAT:APRO_MT_LSSHEEP(1.0),27/06/22 23:00:00,A,M12,A4100,THS_HD,ES,1994,23018.00,
ESTAT:APRO_MT_LSSHEEP(1.0),27/06/22 23:00:00,A,M12,A4100,THS_HD,ES,1995,21301.00,
ESTAT:APRO_MT_LSSHEEP(1.0),27/06/22 23:00:00,A,M12,A4100,THS_HD,ES,1996,23937.00,
ESTAT:APRO_MT_LSSHEEP(1.0),27/06/22 23:00:00,A,M12,A4100,THS_HD,ES,1997,24827.00,
ESTAT:APRO_MT_LSSHEEP(1.0),27/06/22 23:00:00,A,M12,A4100,THS_HD,ES,1998,24190.00,
ESTAT:APRO_MT_LSSHEEP(1.0),27/06/22 23:00:00,A,M12,A4100,THS_HD,ES,1999,23965.00,
ESTAT:APRO_MT_LSSHEEP(1.0),27/06/22 23:00:00,A,M12,A4100,THS_HD,ES,2000,24399.65,
ESTAT:APRO_MT_LSSHEEP(1.0),27/06/22 23:00:00,A,M12,A4100,THS_HD,ES,2001,24300.66,
ESTAT:APRO_MT_LSSHEEP(1.0),27/06/22 23:00:00,A,M12,A4100,THS_HD,ES,2002,23813.17,
ESTAT:APRO_MT_LSSHEEP(1.0),27/06/22 23:00:00,A,M12,A4100,THS_HD,ES,2003,23485.95,
ESTAT:APRO_MT_LSSHEEP(1.0),27/06/22 23:00:00,A,M12,A4100,THS_HD,ES,2004,22736.00,
ESTAT:APRO_MT_LSSHEEP(1.0),27/06/22 23:00:00,A,M12,A4100,THS_HD,ES,2005,22513.97,
ESTAT:APRO_MT_LSSHEEP(1.0),27/06/22 23:00:00,A,M12,A4100,THS_HD,ES,2006,22451.63,
ESTAT:APRO_MT_LSSHEEP(1.0),27/06/22 23:00:00,A,M12,A4100,THS_HD,ES,2007,22194.26,
ESTAT:APRO_MT_LSSHEEP(1.0),27/06/22 23:00:00,A,M12,A4100,THS_HD,ES,2008,19952.28,
ESTAT:APRO_MT_LSSHEEP(1.0),27/06/22 23:00:00,A,M12,A4100,THS_HD,ES,2009,19718.20,
ESTAT:APRO_MT_LSSHEEP(1.0),27/06/22 23:00:00,A,M12,A4100,THS_HD,ES,2010,18551.64,
ESTAT:APRO_MT_LSSHEEP(1.0),27/06/22 23:00:00,A,M12,A4100,THS_HD,ES,2011,17002.72,
ESTAT:APRO_MT_LSSHEEP(1.0),27/06/22 23:00:00,A,M12,A4100,THS_HD,ES,2012,16339.37,
ESTAT:APRO_MT_LSSHEEP(1.0),27/06/22 23:00:00,A,M12,A4100,THS_HD,ES,2013,16118.59,
ESTAT:APRO_MT_LSSHEEP(1.0),27/06/22 23:00:00,A,M12,A4100,THS_HD,ES,2014,15431.83,
ESTAT:APRO_MT_LSSHEEP(1.0),27/06/22 23:00:00,A,M12,A4100,THS_HD,ES,2015,16026.37,
ESTAT:APRO_MT_LSSHEEP(1.0),27/06/22 23:00:00,A,M12,A4100,THS_HD,ES,2016,15962.89,
ESTAT:APRO_MT_LSSHEEP(1.0),27/06/22 23:00:00,A,M12,A4100,THS_HD,ES,2017,15963.11,
ESTAT:APRO_MT_LSSHEEP(1.0),27/06/22 23:00:00,A,M12,A4100,THS_HD,ES,2018,15852.53,p
ESTAT:APRO_MT_LSSHEEP(1.0),27/06/22 23:00:00,A,M12,A4100,THS_HD,ES,2019,15478.62,
ESTAT:APRO_MT_LSSHEEP(1.0),27/06/22 23:00:00,A,M12,A4100,THS_HD,ES,2020,15439.22,p
ESTAT:APRO_MT_LSSHEEP(1.0),27/06/22 23:00:00,A,M12,A4100,THS_HD,ES,2021,15081.35,p
ESTAT:APRO_MT_LSSHEEP(1.0),27/06/22 23:00:00,A,M12,A4100,THS_HD,FI,1991,61.00,
ESTAT:APRO_MT_LSSHEEP(1.0),27/06/22 23:00:00,A,M12,A4100,THS_HD,FI,1992,61.70,
ESTAT:APRO_MT_LSSHEEP(1.0),27/06/22 23:00:00,A,M12,A4100,THS_HD,FI,1993,79.00,
ESTAT:APRO_MT_LSSHEEP(1.0),27/06/22 23:00:00,A,M12,A4100,THS_HD,FI,1994,80.00,
ESTAT:APRO_MT_LSSHEEP(1.0),27/06/22 23:00:00,A,M12,A4100,THS_HD,FI,1995,114.50,
ESTAT:APRO_MT_LSSHEEP(1.0),27/06/22 23:00:00,A,M12,A4100,THS_HD,FI,1996,110.80,
ESTAT:APRO_MT_LSSHEEP(1.0),27/06/22 23:00:00,A,M12,A4100,THS_HD,FI,1997,102.90,
ESTAT:APRO_MT_LSSHEEP(1.0),27/06/22 23:00:00,A,M12,A4100,THS_HD,FI,1998,96.00,
ESTAT:APRO_MT_LSSHEEP(1.0),27/06/22 23:00:00,A,M12,A4100,THS_HD,FI,1999,77.00,
ESTAT:APRO_MT_LSSHEEP(1.0),27/06/22 23:00:00,A,M12,A4100,THS_HD,FI,2000,73.90,
ESTAT:APRO_MT_LSSHEEP(1.0),27/06/22 23:00:00,A,M12,A4100,THS_HD,FI,2001,66.50,
ESTAT:APRO_MT_LSSHEEP(1.0),27/06/22 23:00:00,A,M12,A4100,THS_HD,FI,2002,67.40,
ESTAT:APRO_MT_LSSHEEP(1.0),27/06/22 23:00:00,A,M12,A4100,THS_HD,FI,2003,67.40,
ESTAT:APRO_MT_LSSHEEP(1.0),27/06/22 23:00:00,A,M12,A4100,THS_HD,FI,2004,72.00,
ESTAT:APRO_MT_LSSHEEP(1.0),27/06/22 23:00:00,A,M12,A4100,THS_HD,FI,2005,84.05,
ESTAT:APRO_MT_LSSHEEP(1.0),27/06/22 23:00:00,A,M12,A4100,THS_HD,FI,2006,88.20,
ESTAT:APRO_MT_LSSHEEP(1.0),27/06/22 23:00:00,A,M12,A4100,THS_HD,FI,2007,90.30,
ESTAT:APRO_MT_LSSHEEP(1.0),27/06/22 23:00:00,A,M12,A4100,THS_HD,FI,2008,94.15,
ESTAT:APRO_MT_LSSHEEP(1.0),27/06/22 23:00:00,A,M12,A4100,THS_HD,FI,2015,155.20,e
ESTAT:APRO_MT_LSSHEEP(1.0),27/06/22 23:00:00,A,M12,A4100,THS_HD,FI,2019,144.88,e
ESTAT:APRO_MT_LSSHEEP(1.0),27/06/22 23:00:00,A,M12,A4100,THS_HD,FR,1960,9063.00,
ESTAT:APRO_MT_LSSHEEP(1.0),27/06/22 23:00:00,A,M12,A4100,THS_HD,FR,1961,8929.00,
ESTAT:APRO_MT_LSSHEEP(1.0),27/06/22 23:00:00,A,M12,A4100,THS_HD,FR,1962,8945.00,
ESTAT:APRO_MT_LSSHEEP(1.0),27/06/22 23:00:00,A,M12,A4100,THS_HD,FR,1963,8626.00,
ESTAT:APRO_MT_LSSHEEP(1.0),27/06/22 23:00:00,A,M12,A4100,THS_HD,FR,1964,8821.00,
ESTAT:APRO_MT_LSSHEEP(1.0),27/06/22 23:00:00,A,M12,A4100,THS_HD,FR,1965,9056.00,
ESTAT:APRO_MT_LSSHEEP(1.0),27/06/22 23:00:00,A,M12,A4100,THS_HD,FR,1966,9186.00,
ESTAT:APRO_MT_LSSHEEP(1.0),27/06/22 23:00:00,A,M12,A4100,THS_HD,FR,1967,9510.00,
ESTAT:APRO_MT_LSSHEEP(1.0),27/06/22 23:00:00,A,M12,A4100,THS_HD,FR,1968,9794.00,
ESTAT:APRO_MT_LSSHEEP(1.0),27/06/22 23:00:00,A,M12,A4100,THS_HD,FR,1969,10037.00,
ESTAT:APRO_MT_LSSHEEP(1.0),27/06/22 23:00:00,A,M12,A4100,THS_HD,FR,1970,10065.00,
ESTAT:APRO_MT_LSSHEEP(1.0),27/06/22 23:00:00,A,M12,A4100,THS_HD,FR,1971,10080.00,
ESTAT:APRO_MT_LSSHEEP(1.0),27/06/22 23:00:00,A,M12,A4100,THS_HD,FR,1972,10442.00,
ESTAT:APRO_MT_LSSHEEP(1.0),27/06/22 23:00:00,A,M12,A4100,THS_HD,FR,1973,10274.00,
ESTAT:APRO_MT_LSSHEEP(1.0),27/06/22 23:00:00,A,M12,A4100,THS_HD,FR,1974,10568.00,
ESTAT:APRO_MT_LSSHEEP(1.0),27/06/22 23:00:00,A,M12,A4100,THS_HD,FR,1975,10803.00,
ESTAT:APRO_MT_LSSHEEP(1.0),27/06/22 23:00:00,A,M12,A4100,THS_HD,FR,1976,11046.00,
ESTAT:APRO_MT_LSSHEEP(1.0),27/06/22 23:00:00,A,M12,A4100,THS_HD,FR,1977,11415.00,
ESTAT:APRO_MT_LSSHEEP(1.0),27/06/22 23:00:00,A,M12,A4100,THS_HD,FR,1978,11642.00,
ESTAT:APRO_MT_LSSHEEP(1.0),27/06/22 23:00:00,A,M12,A4100,THS_HD,FR,1979,12969.00,
ESTAT:APRO_MT_LSSHEEP(1.0),27/06/22 23:00:00,A,M12,A4100,THS_HD,FR,1980,12846.00,
ESTAT:APRO_MT_LSSHEEP(1.0),27/06/22 23:00:00,A,M12,A4100,THS_HD,FR,1981,13525.00,
ESTAT:APRO_MT_LSSHEEP(1.0),27/06/22 23:00:00,A,M12,A4100,THS_HD,FR,1982,12926.00,
ESTAT:APRO_MT_LSSHEEP(1.0),27/06/22 23:00:00,A,M12,A4100,THS_HD,FR,1983,13035.00,
ESTAT:APRO_MT_LSSHEEP(1.0),27/06/22 23:00:00,A,M12,A4100,THS_HD,FR,1984,12676.00,
ESTAT:APRO_MT_LSSHEEP(1.0),27/06/22 23:00:00,A,M12,A4100,THS_HD,FR,1985,12001.00,
ESTAT:APRO_MT_LSSHEEP(1.0),27/06/22 23:00:00,A,M12,A4100,THS_HD,FR,1986,12315.00,
ESTAT:APRO_MT_LSSHEEP(1.0),27/06/22 23:00:00,A,M12,A4100,THS_HD,FR,1987,12105.00,
ESTAT:APRO_MT_LSSHEEP(1.0),27/06/22 23:00:00,A,M12,A4100,THS_HD,FR,1988,11495.00,
ESTAT:APRO_MT_LSSHEEP(1.0),27/06/22 23:00:00,A,M12,A4100,THS_HD,FR,1989,11208.00,
ESTAT:APRO_MT_LSSHEEP(1.0),27/06/22 23:00:00,A,M12,A4100,THS_HD,FR,1990,11071.00,
ESTAT:APRO_MT_LSSHEEP(1.0),27/06/22 23:00:00,A,M12,A4100,THS_HD,FR,1991,10639.00,
ESTAT:APRO_MT_LSSHEEP(1.0),27/06/22 23:00:00,A,M12,A4100,THS_HD,FR,1992,10380.00,
ESTAT:APRO_MT_LSSHEEP(1.0),27/06/22 23:00:00,A,M12,A4100,THS_HD,FR,1993,10452.00,
ESTAT:APRO_MT_LSSHEEP(1.0),27/06/22 23:00:00,A,M12,A4100,THS_HD,FR,1994,10320.00,
ESTAT:APRO_MT_LSSHEEP(1.0),27/06/22 23:00:00,A,M12,A4100,THS_HD,FR,1995,10075.00,
ESTAT:APRO_MT_LSSHEEP(1.0),27/06/22 23:00:00,A,M12,A4100,THS_HD,FR,1996,10125.00,
ESTAT:APRO_MT_LSSHEEP(1.0),27/06/22 23:00:00,A,M12,A4100,THS_HD,FR,1997,9823.00,
ESTAT:APRO_MT_LSSHEEP(1.0),27/06/22 23:00:00,A,M12,A4100,THS_HD,FR,1998,9553.00,
ESTAT:APRO_MT_LSSHEEP(1.0),27/06/22 23:00:00,A,M12,A4100,THS_HD,FR,1999,9509.00,
ESTAT:APRO_MT_LSSHEEP(1.0),27/06/22 23:00:00,A,M12,A4100,THS_HD,FR,2000,9324.00,
ESTAT:APRO_MT_LSSHEEP(1.0),27/06/22 23:00:00,A,M12,A4100,THS_HD,FR,2001,9232.00,
ESTAT:APRO_MT_LSSHEEP(1.0),27/06/22 23:00:00,A,M12,A4100,THS_HD,FR,2002,9127.00,
ESTAT:APRO_MT_LSSHEEP(1.0),27/06/22 23:00:00,A,M12,A4100,THS_HD,FR,2003,8947.00,
ESTAT:APRO_MT_LSSHEEP(1.0),27/06/22 23:00:00,A,M12,A4100,THS_HD,FR,2004,8898.00,
ESTAT:APRO_MT_LSSHEEP(1.0),27/06/22 23:00:00,A,M12,A4100,THS_HD,FR,2005,8759.85,
ESTAT:APRO_MT_LSSHEEP(1.0),27/06/22 23:00:00,A,M12,A4100,THS_HD,FR,2006,8494.18,
ESTAT:APRO_MT_LSSHEEP(1.0),27/06/22 23:00:00,A,M12,A4100,THS_HD,FR,2007,8284.51,
ESTAT:APRO_MT_LSSHEEP(1.0),27/06/22 23:00:00,A,M12,A4100,THS_HD,FR,2008,7715.21,
ESTAT:APRO_MT_LSSHEEP(1.0),27/06/22 23:00:00,A,M12,A4100,THS_HD,FR,2009,7528.00,
ESTAT:APRO_MT_LSSHEEP(1.0),27/06/22 23:00:00,A,M12,A4100,THS_HD,FR,2010,7955.00,
ESTAT:APRO_MT_LSSHEEP(1.0),27/06/22 23:00:00,A,M12,A4100,THS_HD,FR,2011,7621.00,
ESTAT:APRO_MT_LSSHEEP(1.0),27/06/22 23:00:00,A,M12,A4100,THS_HD,FR,2012,7453.00,
ESTAT:APRO_MT_LSSHEEP(1.0),27/06/22 23:00:00,A,M12,A4100,THS_HD,FR,2013,7193.00,
ESTAT:APRO_MT_LSSHEEP(1.0),27/06/22 23:00:00,A,M12,A4100,THS_HD,FR,2014,7168.00,
ESTAT:APRO_MT_LSSHEEP(1.0),27/06/22 23:00:00,A,M12,A4100,THS_HD,FR,2015,7057.00,
ESTAT:APRO_MT_LSSHEEP(1.0),27/06/22 23:00:00,A,M12,A4100,THS_HD,FR,2016,7157.00,d
ESTAT:APRO_MT_LSSHEEP(1.0),27/06/22 23:00:00,A,M12,A4100,THS_HD,FR,2017,6877.00,d
ESTAT:APRO_MT_LSSHEEP(1.0),27/06/22 23:00:00,A,M12,A4100,THS_HD,FR,2018,7166.00,
ESTAT:APRO_MT_LSSHEEP(1.0),27/06/22 23:00:00,A,M12,A4100,THS_HD,FR,2019,7105.00,
ESTAT:APRO_MT_LSSHEEP(1.0),27/06/22 23:00:00,A,M12,A4100,THS_HD,FR,2020,6998.71,b
ESTAT:APRO_MT_LSSHEEP(1.0),27/06/22 23:00:00,A,M12,A4100,THS_HD,FR,2021,6994.63,p
ESTAT:APRO_MT_LSSHEEP(1.0),27/06/22 23:00:00,A,M12,A4100,THS_HD,HR,2000,528.68,
ESTAT:APRO_MT_LSSHEEP(1.0),27/06/22 23:00:00,A,M12,A4100,THS_HD,HR,2001,539.50,
ESTAT:APRO_MT_LSSHEEP(1.0),27/06/22 23:00:00,A,M12,A4100,THS_HD,HR,2002,580.02,
ESTAT:APRO_MT_LSSHEEP(1.0),27/06/22 23:00:00,A,M12,A4100,THS_HD,HR,2003,586.64,
ESTAT:APRO_MT_LSSHEEP(1.0),27/06/22 23:00:00,A,M12,A4100,THS_HD,HR,2004,721.58,
ESTAT:APRO_MT_LSSHEEP(1.0),27/06/22 23:00:00,A,M12,A4100,THS_HD,HR,2005,796.48,
ESTAT:APRO_MT_LSSHEEP(1.0),27/06/22 23:00:00,A,M12,A4100,THS_HD,HR,2006,679.84,
ESTAT:APRO_MT_LSSHEEP(1.0),27/06/22 23:00:00,A,M12,A4100,THS_HD,HR,2008,643.40,
ESTAT:APRO_MT_LSSHEEP(1.0),27/06/22 23:00:00,A,M12,A4100,THS_HD,HR,2009,619.00,
ESTAT:APRO_MT_LSSHEEP(1.0),27/06/22 23:00:00,A,M12,A4100,THS_HD,HR,2010,630.00,
ESTAT:APRO_MT_LSSHEEP(1.0),27/06/22 23:00:00,A,M12,A4100,THS_HD,HR,2011,639.00,
ESTAT:APRO_MT_LSSHEEP(1.0),27/06/22 23:00:00,A,M12,A4100,THS_HD,HR,2012,679.00,
ESTAT:APRO_MT_LSSHEEP(1.0),27/06/22 23:00:00,A,M12,A4100,THS_HD,HR,2013,620.00,
ESTAT:APRO_MT_LSSHEEP(1.0),27/06/22 23:00:00,A,M12,A4100,THS_HD,HR,2014,605.00,
ESTAT:APRO_MT_LSSHEEP(1.0),27/06/22 23:00:00,A,M12,A4100,THS_HD,HR,2015,608.00,
ESTAT:APRO_MT_LSSHEEP(1.0),27/06/22 23:00:00,A,M12,A4100,THS_HD,HR,2016,619.00,
ESTAT:APRO_MT_LSSHEEP(1.0),27/06/22 23:00:00,A,M12,A4100,THS_HD,HR,2017,637.00,
ESTAT:APRO_MT_LSSHEEP(1.0),27/06/22 23:00:00,A,M12,A4100,THS_HD,HR,2018,636.00,
ESTAT:APRO_MT_LSSHEEP(1.0),27/06/22 23:00:00,A,M12,A4100,THS_HD,HR,2019,658.00,
ESTAT:APRO_MT_LSSHEEP(1.0),27/06/22 23:00:00,A,M12,A4100,THS_HD,HR,2020,662.00,
ESTAT:APRO_MT_LSSHEEP(1.0),27/06/22 23:00:00,A,M12,A4100,THS_HD,HR,2021,654.00,
ESTAT:APRO_MT_LSSHEEP(1.0),27/06/22 23:00:00,A,M12,A4100,THS_HD,HU,1987,2336.00,
ESTAT:APRO_MT_LSSHEEP(1.0),27/06/22 23:00:00,A,M12,A4100,THS_HD,HU,1988,2216.00,
ESTAT:APRO_MT_LSSHEEP(1.0),27/06/22 23:00:00,A,M12,A4100,THS_HD,HU,1989,2069.00,
ESTAT:APRO_MT_LSSHEEP(1.0),27/06/22 23:00:00,A,M12,A4100,THS_HD,HU,1990,1865.00,
ESTAT:APRO_MT_LSSHEEP(1.0),27/06/22 23:00:00,A,M12,A4100,THS_HD,HU,1991,1808.00,
ESTAT:APRO_MT_LSSHEEP(1.0),27/06/22 23:00:00,A,M12,A4100,THS_HD,HU,1992,1752.00,
ESTAT:APRO_MT_LSSHEEP(1.0),27/06/22 23:00:00,A,M12,A4100,THS_HD,HU,1993,1253.00,
ESTAT:APRO_MT_LSSHEEP(1.0),27/06/22 23:00:00,A,M12,A4100,THS_HD,HU,1994,947.00,
ESTAT:APRO_MT_LSSHEEP(1.0),27/06/22 23:00:00,A,M12,A4100,THS_HD,HU,1995,977.00,
ESTAT:APRO_MT_LSSHEEP(1.0),27/06/22 23:00:00,A,M12,A4100,THS_HD,HU,1996,872.00,
ESTAT:APRO_MT_LSSHEEP(1.0),27/06/22 23:00:00,A,M12,A4100,THS_HD,HU,1997,858.00,
ESTAT:APRO_MT_LSSHEEP(1.0),27/06/22 23:00:00,A,M12,A4100,THS_HD,HU,1998,909.00,
ESTAT:APRO_MT_LSSHEEP(1.0),27/06/22 23:00:00,A,M12,A4100,THS_HD,HU,1999,934.00,
ESTAT:APRO_MT_LSSHEEP(1.0),27/06/22 23:00:00,A,M12,A4100,THS_HD,HU,2000,1129.00,
ESTAT:APRO_MT_LSSHEEP(1.0),27/06/22 23:00:00,A,M12,A4100,THS_HD,HU,2001,1136.00,
ESTAT:APRO_MT_LSSHEEP(1.0),27/06/22 23:00:00,A,M12,A4100,THS_HD,HU,2002,1103.00,
ESTAT:APRO_MT_LSSHEEP(1.0),27/06/22 23:00:00,A,M12,A4100,THS_HD,HU,2003,1296.00,
ESTAT:APRO_MT_LSSHEEP(1.0),27/06/22 23:00:00,A,M12,A4100,THS_HD,HU,2004,1397.00,
ESTAT:APRO_MT_LSSHEEP(1.0),27/06/22 23:00:00,A,M12,A4100,THS_HD,HU,2005,1405.00,
ESTAT:APRO_MT_LSSHEEP(1.0),27/06/22 23:00:00,A,M12,A4100,THS_HD,HU,2006,1298.00,
ESTAT:APRO_MT_LSSHEEP(1.0),27/06/22 23:00:00,A,M12,A4100,THS_HD,HU,2007,1232.00,
ESTAT:APRO_MT_LSSHEEP(1.0),27/06/22 23:00:00,A,M12,A4100,THS_HD,HU,2008,1236.00,
ESTAT:APRO_MT_LSSHEEP(1.0),27/06/22 23:00:00,A,M12,A4100,THS_HD,HU,2009,1223.00,
ESTAT:APRO_MT_LSSHEEP(1.0),27/06/22 23:00:00,A,M12,A4100,THS_HD,HU,2010,1181.00,
ESTAT:APRO_MT_LSSHEEP(1.0),27/06/22 23:00:00,A,M12,A4100,THS_HD,HU,2011,1120.00,
ESTAT:APRO_MT_LSSHEEP(1.0),27/06/22 23:00:00,A,M12,A4100,THS_HD,HU,2012,1185.00,
ESTAT:APRO_MT_LSSHEEP(1.0),27/06/22 23:00:00,A,M12,A4100,THS_HD,HU,2013,1214.00,
ESTAT:APRO_MT_LSSHEEP(1.0),27/06/22 23:00:00,A,M12,A4100,THS_HD,HU,2014,1185.00,
ESTAT:APRO_MT_LSSHEEP(1.0),27/06/22 23:00:00,A,M12,A4100,THS_HD,HU,2015,1190.00,
ESTAT:APRO_MT_LSSHEEP(1.0),27/06/22 23:00:00,A,M12,A4100,THS_HD,HU,2016,1141.00,
ESTAT:APRO_MT_LSSHEEP(1.0),27/06/22 23:00:00,A,M12,A4100,THS_HD,HU,2017,1146.00,
ESTAT:APRO_MT_LSSHEEP(1.0),27/06/22 23:00:00,A,M12,A4100,THS_HD,HU,2018,1109.00,
ESTAT:APRO_MT_LSSHEEP(1.0),27/06/22 23:00:00,A,M12,A4100,THS_HD,HU,2019,1061.00,
ESTAT:APRO_MT_LSSHEEP(1.0),27/06/22 23:00:00,A,M12,A4100,THS_HD,HU,2020,944.00,
ESTAT:APRO_MT_LSSHEEP(1.0),27/06/22 23:00:00,A,M12,A4100,THS_HD,HU,2021,887.00,
ESTAT:APRO_MT_LSSHEEP(1.0),27/06/22 23:00:00,A,M12,A4100,THS_HD,IE,1960,3106.00,
ESTAT:APRO_MT_LSSHEEP(1.0),27/06/22 23:00:00,A,M12,A4100,THS_HD,IE,1961,3376.00,
ESTAT:APRO_MT_LSSHEEP(1.0),27/06/22 23:00:00,A,M12,A4100,THS_HD,IE,1962,3333.00,
ESTAT:APRO_MT_LSSHEEP(1.0),27/06/22 23:00:00,A,M12,A4100,THS_HD,IE,1963,3387.00,
ESTAT:APRO_MT_LSSHEEP(1.0),27/06/22 23:00:00,A,M12,A4100,THS_HD,IE,1964,3456.00,
ESTAT:APRO_MT_LSSHEEP(1.0),27/06/22 23:00:00,A,M12,A4100,THS_HD,IE,1965,3464.00,
ESTAT:APRO_MT_LSSHEEP(1.0),27/06/22 23:00:00,A,M12,A4100,THS_HD,IE,1966,3059.00,
ESTAT:APRO_MT_LSSHEEP(1.0),27/06/22 23:00:00,A,M12,A4100,THS_HD,IE,1967,2990.00,
ESTAT:APRO_MT_LSSHEEP(1.0),27/06/22 23:00:00,A,M12,A4100,THS_HD,IE,1968,2851.00,
ESTAT:APRO_MT_LSSHEEP(1.0),27/06/22 23:00:00,A,M12,A4100,THS_HD,IE,1969,2788.00,
ESTAT:APRO_MT_LSSHEEP(1.0),27/06/22 23:00:00,A,M12,A4100,THS_HD,IE,1970,2836.00,
ESTAT:APRO_MT_LSSHEEP(1.0),27/06/22 23:00:00,A,M12,A4100,THS_HD,IE,1971,2862.00,
ESTAT:APRO_MT_LSSHEEP(1.0),27/06/22 23:00:00,A,M12,A4100,THS_HD,IE,1972,2873.00,
ESTAT:APRO_MT_LSSHEEP(1.0),27/06/22 23:00:00,A,M12,A4100,THS_HD,IE,1973,2929.00,
ESTAT:APRO_MT_LSSHEEP(1.0),27/06/22 23:00:00,A,M12,A4100,THS_HD,IE,1974,2839.00,
ESTAT:APRO_MT_LSSHEEP(1.0),27/06/22 23:00:00,A,M12,A4100,THS_HD,IE,1975,2653.00,
ESTAT:APRO_MT_LSSHEEP(1.0),27/06/22 23:00:00,A,M12,A4100,THS_HD,IE,1976,2582.00,
ESTAT:APRO_MT_LSSHEEP(1.0),27/06/22 23:00:00,A,M12,A4100,THS_HD,IE,1977,2526.00,
ESTAT:APRO_MT_LSSHEEP(1.0),27/06/22 23:00:00,A,M12,A4100,THS_HD,IE,1978,2417.80,
ESTAT:APRO_MT_LSSHEEP(1.0),27/06/22 23:00:00,A,M12,A4100,THS_HD,IE,1979,2359.60,
ESTAT:APRO_MT_LSSHEEP(1.0),27/06/22 23:00:00,A,M12,A4100,THS_HD,IE,1980,2343.60,
ESTAT:APRO_MT_LSSHEEP(1.0),27/06/22 23:00:00,A,M12,A4100,THS_HD,IE,1981,2449.30,
ESTAT:APRO_MT_LSSHEEP(1.0),27/06/22 23:00:00,A,M12,A4100,THS_HD,IE,1982,2608.50,
ESTAT:APRO_MT_LSSHEEP(1.0),27/06/22 23:00:00,A,M12,A4100,THS_HD,IE,1983,2813.20,
ESTAT:APRO_MT_LSSHEEP(1.0),27/06/22 23:00:00,A,M12,A4100,THS_HD,IE,1984,3081.80,
ESTAT:APRO_MT_LSSHEEP(1.0),27/06/22 23:00:00,A,M12,A4100,THS_HD,IE,1985,3304.00,
ESTAT:APRO_MT_LSSHEEP(1.0),27/06/22 23:00:00,A,M12,A4100,THS_HD,IE,1986,3671.80,
ESTAT:APRO_MT_LSSHEEP(1.0),27/06/22 23:00:00,A,M12,A4100,THS_HD,IE,1987,4300.60,
ESTAT:APRO_MT_LSSHEEP(1.0),27/06/22 23:00:00,A,M12,A4100,THS_HD,IE,1988,4991.20,
ESTAT:APRO_MT_LSSHEEP(1.0),27/06/22 23:00:00,A,M12,A4100,THS_HD,IE,1989,5713.90,
ESTAT:APRO_MT_LSSHEEP(1.0),27/06/22 23:00:00,A,M12,A4100,THS_HD,IE,1990,5863.70,
ESTAT:APRO_MT_LSSHEEP(1.0),27/06/22 23:00:00,A,M12,A4100,THS_HD,IE,1991,5988.00,
ESTAT:APRO_MT_LSSHEEP(1.0),27/06/22 23:00:00,A,M12,A4100,THS_HD,IE,1992,6125.00,
ESTAT:APRO_MT_LSSHEEP(1.0),27/06/22 23:00:00,A,M12,A4100,THS_HD,IE,1993,5990.00,
ESTAT:APRO_MT_LSSHEEP(1.0),27/06/22 23:00:00,A,M12,A4100,THS_HD,IE,1994,5775.00,
ESTAT:APRO_MT_LSSHEEP(1.0),27/06/22 23:00:00,A,M12,A4100,THS_HD,IE,1995,5583.00,
ESTAT:APRO_MT_LSSHEEP(1.0),27/06/22 23:00:00,A,M12,A4100,THS_HD,IE,1996,5390.50,
ESTAT:APRO_MT_LSSHEEP(1.0),27/06/22 23:00:00,A,M12,A4100,THS_HD,IE,1997,5634.20,
ESTAT:APRO_MT_LSSHEEP(1.0),27/06/22 23:00:00,A,M12,A4100,THS_HD,IE,1998,5623.80,
ESTAT:APRO_MT_LSSHEEP(1.0),27/06/22 23:00:00,A,M12,A4100,THS_HD,IE,1999,5393.20,
ESTAT:APRO_MT_LSSHEEP(1.0),27/06/22 23:00:00,A,M12,A4100,THS_HD,IE,2000,5056.00,
ESTAT:APRO_MT_LSSHEEP(1.0),27/06/22 23:00:00,A,M12,A4100,THS_HD,IE,2001,4807.00,
ESTAT:APRO_MT_LSSHEEP(1.0),27/06/22 23:00:00,A,M12,A4100,THS_HD,IE,2002,4828.50,
ESTAT:APRO_MT_LSSHEEP(1.0),27/06/22 23:00:00,A,M12,A4100,THS_HD,IE,2003,4850.10,
ESTAT:APRO_MT_LSSHEEP(1.0),27/06/22 23:00:00,A,M12,A4100,THS_HD,IE,2004,4556.69,
ESTAT:APRO_MT_LSSHEEP(1.0),27/06/22 23:00:00,A,M12,A4100,THS_HD,IE,2005,4257.00,
ESTAT:APRO_MT_LSSHEEP(1.0),27/06/22 23:00:00,A,M12,A4100,THS_HD,IE,2006,3826.30,
ESTAT:APRO_MT_LSSHEEP(1.0),27/06/22 23:00:00,A,M12,A4100,THS_HD,IE,2007,3530.54,
ESTAT:APRO_MT_LSSHEEP(1.0),27/06/22 23:00:00,A,M12,A4100,THS_HD,IE,2008,3422.95,
ESTAT:APRO_MT_LSSHEEP(1.0),27/06/22 23:00:00,A,M12,A4100,THS_HD,IE,2009,3182.58,
ESTAT:APRO_MT_LSSHEEP(1.0),27/06/22 23:00:00,A,M12,A4100,THS_HD,IE,2010,3121.97,
ESTAT:APRO_MT_LSSHEEP(1.0),27/06/22 23:00:00,A,M12,A4100,THS_HD,IE,2011,3321.30,
ESTAT:APRO_MT_LSSHEEP(1.0),27/06/22 23:00:00,A,M12,A4100,THS_HD,IE,2012,3430.33,
ESTAT:APRO_MT_LSSHEEP(1.0),27/06/22 23:00:00,A,M12,A4100,THS_HD,IE,2013,3324.09,
ESTAT:APRO_MT_LSSHEEP(1.0),27/06/22 23:00:00,A,M12,A4100,THS_HD,IE,2014,3324.90,
ESTAT:APRO_MT_LSSHEEP(1.0),27/06/22 23:00:00,A,M12,A4100,THS_HD,IE,2015,3324.84,
ESTAT:APRO_MT_LSSHEEP(1.0),27/06/22 23:00:00,A,M12,A4100,THS_HD,IE,2016,3438.23,
ESTAT:APRO_MT_LSSHEEP(1.0),27/06/22 23:00:00,A,M12,A4100,THS_HD,IE,2017,3981.81,
ESTAT:APRO_MT_LSSHEEP(1.0),27/06/22 23:00:00,A,M12,A4100,THS_HD,IE,2018,3798.48,
ESTAT:APRO_MT_LSSHEEP(1.0),27/06/22 23:00:00,A,M12,A4100,THS_HD,IE,2019,3809.37,
ESTAT:APRO_MT_LSSHEEP(1.0),27/06/22 23:00:00,A,M12,A4100,THS_HD,IE,2020,3877.22,
ESTAT:APRO_MT_LSSHEEP(1.0),27/06/22 23:00:00,A,M12,A4100,THS_HD,IE,2021,3991.18,p
ESTAT:APRO_MT_LSSHEEP(1.0),27/06/22 23:00:00,A,M12,A4100,THS_HD,IS,2011,475.10,
ESTAT:APRO_MT_LSSHEEP(1.0),27/06/22 23:00:00,A,M12,A4100,THS_HD,IS,2012,473.50,
ESTAT:APRO_MT_LSSHEEP(1.0),27/06/22 23:00:00,A,M12,A4100,THS_HD,IS,2013,473.50,
ESTAT:APRO_MT_LSSHEEP(1.0),27/06/22 23:00:00,A,M12,A4100,THS_HD,IS,2016,473.00,
ESTAT:APRO_MT_LSSHEEP(1.0),27/06/22 23:00:00,A,M12,A4100,THS_HD,IS,2017,458.00,
ESTAT:APRO_MT_LSSHEEP(1.0),27/06/22 23:00:00,A,M12,A4100,THS_HD,IS,2018,432.00,
ESTAT:APRO_MT_LSSHEEP(1.0),27/06/22 23:00:00,A,M12,A4100,THS_HD,IS,2019,416.00,
ESTAT:APRO_MT_LSSHEEP(1.0),27/06/22 23:00:00,A,M12,A4100,THS_HD,IS,2020,401.00,
ESTAT:APRO_MT_LSSHEEP(1.0),27/06/22 23:00:00,A,M12,A4100,THS_HD,IS,2021,385.00,
ESTAT:APRO_MT_LSSHEEP(1.0),27/06/22 23:00:00,A,M12,A4100,THS_HD,IT,1960,8231.00,
ESTAT:APRO_MT_LSSHEEP(1.0),27/06/22 23:00:00,A,M12,A4100,THS_HD,IT,1961,8065.00,
ESTAT:APRO_MT_LSSHEEP(1.0),27/06/22 23:00:00,A,M12,A4100,THS_HD,IT,1962,7857.00,
ESTAT:APRO_MT_LSSHEEP(1.0),27/06/22 23:00:00,A,M12,A4100,THS_HD,IT,1963,7762.00,
ESTAT:APRO_MT_LSSHEEP(1.0),27/06/22 23:00:00,A,M12,A4100,THS_HD,IT,1964,7866.00,
ESTAT:APRO_MT_LSSHEEP(1.0),27/06/22 23:00:00,A,M12,A4100,THS_HD,IT,1965,8000.00,
ESTAT:APRO_MT_LSSHEEP(1.0),27/06/22 23:00:00,A,M12,A4100,THS_HD,IT,1966,8212.00,
ESTAT:APRO_MT_LSSHEEP(1.0),27/06/22 23:00:00,A,M12,A4100,THS_HD,IT,1967,8285.00,
ESTAT:APRO_MT_LSSHEEP(1.0),27/06/22 23:00:00,A,M12,A4100,THS_HD,IT,1968,8206.00,
ESTAT:APRO_MT_LSSHEEP(1.0),27/06/22 23:00:00,A,M12,A4100,THS_HD,IT,1969,8138.00,
ESTAT:APRO_MT_LSSHEEP(1.0),27/06/22 23:00:00,A,M12,A4100,THS_HD,IT,1970,7948.00,
ESTAT:APRO_MT_LSSHEEP(1.0),27/06/22 23:00:00,A,M12,A4100,THS_HD,IT,1971,7846.00,
ESTAT:APRO_MT_LSSHEEP(1.0),27/06/22 23:00:00,A,M12,A4100,THS_HD,IT,1972,7770.00,
ESTAT:APRO_MT_LSSHEEP(1.0),27/06/22 23:00:00,A,M12,A4100,THS_HD,IT,1973,7809.00,
ESTAT:APRO_MT_LSSHEEP(1.0),27/06/22 23:00:00,A,M12,A4100,THS_HD,IT,1974,7995.00,
ESTAT:APRO_MT_LSSHEEP(1.0),27/06/22 23:00:00,A,M12,A4100,THS_HD,IT,1975,8152.00,
ESTAT:APRO_MT_LSSHEEP(1.0),27/06/22 23:00:00,A,M12,A4100,THS_HD,IT,1976,8445.00,
ESTAT:APRO_MT_LSSHEEP(1.0),27/06/22 23:00:00,A,M12,A4100,THS_HD,IT,1977,8694.00,
ESTAT:APRO_MT_LSSHEEP(1.0),27/06/22 23:00:00,A,M12,A4100,THS_HD,IT,1978,8973.30,
ESTAT:APRO_MT_LSSHEEP(1.0),27/06/22 23:00:00,A,M12,A4100,THS_HD,IT,1979,9110.00,
ESTAT:APRO_MT_LSSHEEP(1.0),27/06/22 23:00:00,A,M12,A4100,THS_HD,IT,1980,9277.00,
ESTAT:APRO_MT_LSSHEEP(1.0),27/06/22 23:00:00,A,M12,A4100,THS_HD,IT,1981,10659.00,
ESTAT:APRO_MT_LSSHEEP(1.0),27/06/22 23:00:00,A,M12,A4100,THS_HD,IT,1982,10493.00,
ESTAT:APRO_MT_LSSHEEP(1.0),27/06/22 23:00:00,A,M12,A4100,THS_HD,IT,1983,10745.00,
ESTAT:APRO_MT_LSSHEEP(1.0),27/06/22 23:00:00,A,M12,A4100,THS_HD,IT,1984,11293.30,
ESTAT:APRO_MT_LSSHEEP(1.0),27/06/22 23:00:00,A,M12,A4100,THS_HD,IT,1985,11293.30,
ESTAT:APRO_MT_LSSHEEP(1.0),27/06/22 23:00:00,A,M12,A4100,THS_HD,IT,1986,11450.90,
ESTAT:APRO_MT_LSSHEEP(1.0),27/06/22 23:00:00,A,M12,A4100,THS_HD,IT,1987,11456.50,
ESTAT:APRO_MT_LSSHEEP(1.0),27/06/22 23:00:00,A,M12,A4100,THS_HD,IT,1988,11622.90,
ESTAT:APRO_MT_LSSHEEP(1.0),27/06/22 23:00:00,A,M12,A4100,THS_HD,IT,1989,11568.60,
ESTAT:APRO_MT_LSSHEEP(1.0),27/06/22 23:00:00,A,M12,A4100,THS_HD,IT,1990,10847.60,
ESTAT:APRO_MT_LSSHEEP(1.0),27/06/22 23:00:00,A,M12,A4100,THS_HD,IT,1991,10435.00,
ESTAT:APRO_MT_LSSHEEP(1.0),27/06/22 23:00:00,A,M12,A4100,THS_HD,IT,1992,10439.00,
ESTAT:APRO_MT_LSSHEEP(1.0),27/06/22 23:00:00,A,M12,A4100,THS_HD,IT,1993,10461.00,
ESTAT:APRO_MT_LSSHEEP(1.0),27/06/22 23:00:00,A,M12,A4100,THS_HD,IT,1994,10681.00,
ESTAT:APRO_MT_LSSHEEP(1.0),27/06/22 23:00:00,A,M12,A4100,THS_HD,IT,1995,10668.00,
ESTAT:APRO_MT_LSSHEEP(1.0),27/06/22 23:00:00,A,M12,A4100,THS_HD,IT,1996,10920.00,
ESTAT:APRO_MT_LSSHEEP(1.0),27/06/22 23:00:00,A,M12,A4100,THS_HD,IT,1997,10890.00,
ESTAT:APRO_MT_LSSHEEP(1.0),27/06/22 23:00:00,A,M12,A4100,THS_HD,IT,1998,10894.00,
ESTAT:APRO_MT_LSSHEEP(1.0),27/06/22 23:00:00,A,M12,A4100,THS_HD,IT,1999,11017.00,
ESTAT:APRO_MT_LSSHEEP(1.0),27/06/22 23:00:00,A,M12,A4100,THS_HD,IT,2000,6809.00,
ESTAT:APRO_MT_LSSHEEP(1.0),27/06/22 23:00:00,A,M12,A4100,THS_HD,IT,2001,8311.38,
ESTAT:APRO_MT_LSSHEEP(1.0),27/06/22 23:00:00,A,M12,A4100,THS_HD,IT,2002,8138.00,
ESTAT:APRO_MT_LSSHEEP(1.0),27/06/22 23:00:00,A,M12,A4100,THS_HD,IT,2003,7951.64,
ESTAT:APRO_MT_LSSHEEP(1.0),27/06/22 23:00:00,A,M12,A4100,THS_HD,IT,2004,8106.00,
ESTAT:APRO_MT_LSSHEEP(1.0),27/06/22 23:00:00,A,M12,A4100,THS_HD,IT,2005,7954.00,
ESTAT:APRO_MT_LSSHEEP(1.0),27/06/22 23:00:00,A,M12,A4100,THS_HD,IT,2006,8227.18,
ESTAT:APRO_MT_LSSHEEP(1.0),27/06/22 23:00:00,A,M12,A4100,THS_HD,IT,2007,8237.00,
ESTAT:APRO_MT_LSSHEEP(1.0),27/06/22 23:00:00,A,M12,A4100,THS_HD,IT,2008,8175.16,
ESTAT:APRO_MT_LSSHEEP(1.0),27/06/22 23:00:00,A,M12,A4100,THS_HD,IT,2009,8012.59,
ESTAT:APRO_MT_LSSHEEP(1.0),27/06/22 23:00:00,A,M12,A4100,THS_HD,IT,2010,7900.02,
ESTAT:APRO_MT_LSSHEEP(1.0),27/06/22 23:00:00,A,M12,A4100,THS_HD,IT,2011,7942.64,
ESTAT:APRO_MT_LSSHEEP(1.0),27/06/22 23:00:00,A,M12,A4100,THS_HD,IT,2012,7015.73,
ESTAT:APRO_MT_LSSHEEP(1.0),27/06/22 23:00:00,A,M12,A4100,THS_HD,IT,2013,7181.83,
ESTAT:APRO_MT_LSSHEEP(1.0),27/06/22 23:00:00,A,M12,A4100,THS_HD,IT,2014,7166.02,
ESTAT:APRO_MT_LSSHEEP(1.0),27/06/22 23:00:00,A,M12,A4100,THS_HD,IT,2015,7148.53,
ESTAT:APRO_MT_LSSHEEP(1.0),27/06/22 23:00:00,A,M12,A4100,THS_HD,IT,2016,7284.87,
ESTAT:APRO_MT_LSSHEEP(1.0),27/06/22 23:00:00,A,M12,A4100,THS_HD,IT,2017,7215.40,
ESTAT:APRO_MT_LSSHEEP(1.0),27/06/22 23:00:00,A,M12,A4100,THS_HD,IT,2018,7179.15,
ESTAT:APRO_MT_LSSHEEP(1.0),27/06/22 23:00:00,A,M12,A4100,THS_HD,IT,2019,7000.88,
ESTAT:APRO_MT_LSSHEEP(1.0),27/06/22 23:00:00,A,M12,A4100,THS_HD,IT,2020,7034.16,
ESTAT:APRO_MT_LSSHEEP(1.0),27/06/22 23:00:00,A,M12,A4100,THS_HD,IT,2021,6728.35,
ESTAT:APRO_MT_LSSHEEP(1.0),27/06/22 23:00:00,A,M12,A4100,THS_HD,LT,1987,86.30,
ESTAT:APRO_MT_LSSHEEP(1.0),27/06/22 23:00:00,A,M12,A4100,THS_HD,LT,1988,75.00,
ESTAT:APRO_MT_LSSHEEP(1.0),27/06/22 23:00:00,A,M12,A4100,THS_HD,LT,1989,64.80,
ESTAT:APRO_MT_LSSHEEP(1.0),27/06/22 23:00:00,A,M12,A4100,THS_HD,LT,1990,56.50,
ESTAT:APRO_MT_LSSHEEP(1.0),27/06/22 23:00:00,A,M12,A4100,THS_HD,LT,1991,58.10,
ESTAT:APRO_MT_LSSHEEP(1.0),27/06/22 23:00:00,A,M12,A4100,THS_HD,LT,1992,51.70,
ESTAT:APRO_MT_LSSHEEP(1.0),27/06/22 23:00:00,A,M12,A4100,THS_HD,LT,1993,45.00,
ESTAT:APRO_MT_LSSHEEP(1.0),27/06/22 23:00:00,A,M12,A4100,THS_HD,LT,1994,40.00,
ESTAT:APRO_MT_LSSHEEP(1.0),27/06/22 23:00:00,A,M12,A4100,THS_HD,LT,1995,32.30,
ESTAT:APRO_MT_LSSHEEP(1.0),27/06/22 23:00:00,A,M12,A4100,THS_HD,LT,1996,28.20,
ESTAT:APRO_MT_LSSHEEP(1.0),27/06/22 23:00:00,A,M12,A4100,THS_HD,LT,1997,24.00,
ESTAT:APRO_MT_LSSHEEP(1.0),27/06/22 23:00:00,A,M12,A4100,THS_HD,LT,1998,15.80,
ESTAT:APRO_MT_LSSHEEP(1.0),27/06/22 23:00:00,A,M12,A4100,THS_HD,LT,1999,13.80,
ESTAT:APRO_MT_LSSHEEP(1.0),27/06/22 23:00:00,A,M12,A4100,THS_HD,LT,2000,11.50,
ESTAT:APRO_MT_LSSHEEP(1.0),27/06/22 23:00:00,A,M12,A4100,THS_HD,LT,2001,12.30,
ESTAT:APRO_MT_LSSHEEP(1.0),27/06/22 23:00:00,A,M12,A4100,THS_HD,LT,2002,13.60,
ESTAT:APRO_MT_LSSHEEP(1.0),27/06/22 23:00:00,A,M12,A4100,THS_HD,LT,2003,16.90,
ESTAT:APRO_MT_LSSHEEP(1.0),27/06/22 23:00:00,A,M12,A4100,THS_HD,LT,2004,22.10,
ESTAT:APRO_MT_LSSHEEP(1.0),27/06/22 23:00:00,A,M12,A4100,THS_HD,LT,2005,29.20,
ESTAT:APRO_MT_LSSHEEP(1.0),27/06/22 23:00:00,A,M12,A4100,THS_HD,LT,2006,36.60,
ESTAT:APRO_MT_LSSHEEP(1.0),27/06/22 23:00:00,A,M12,A4100,THS_HD,LT,2007,43.30,
ESTAT:APRO_MT_LSSHEEP(1.0),27/06/22 23:00:00,A,M12,A4100,THS_HD,LT,2008,47.50,
ESTAT:APRO_MT_LSSHEEP(1.0),27/06/22 23:00:00,A,M12,A4100,THS_HD,LT,2009,52.50,
ESTAT:APRO_MT_LSSHEEP(1.0),27/06/22 23:00:00,A,M12,A4100,THS_HD,LT,2010,58.50,
ESTAT:APRO_MT_LSSHEEP(1.0),27/06/22 23:00:00,A,M12,A4100,THS_HD,LT,2011,60.40,
ESTAT:APRO_MT_LSSHEEP(1.0),27/06/22 23:00:00,A,M12,A4100,THS_HD,LT,2012,82.80,
ESTAT:APRO_MT_LSSHEEP(1.0),27/06/22 23:00:00,A,M12,A4100,THS_HD,LT,2013,99.60,
ESTAT:APRO_MT_LSSHEEP(1.0),27/06/22 23:00:00,A,M12,A4100,THS_HD,LT,2014,123.90,
ESTAT:APRO_MT_LSSHEEP(1.0),27/06/22 23:00:00,A,M12,A4100,THS_HD,LT,2015,147.10,
ESTAT:APRO_MT_LSSHEEP(1.0),27/06/22 23:00:00,A,M12,A4100,THS_HD,LT,2016,163.60,
ESTAT:APRO_MT_LSSHEEP(1.0),27/06/22 23:00:00,A,M12,A4100,THS_HD,LT,2017,169.70,
ESTAT:APRO_MT_LSSHEEP(1.0),27/06/22 23:00:00,A,M12,A4100,THS_HD,LT,2018,164.30,
ESTAT:APRO_MT_LSSHEEP(1.0),27/06/22 23:00:00,A,M12,A4100,THS_HD,LT,2019,152.10,
ESTAT:APRO_MT_LSSHEEP(1.0),27/06/22 23:00:00,A,M12,A4100,THS_HD,LT,2020,140.60,
ESTAT:APRO_MT_LSSHEEP(1.0),27/06/22 23:00:00,A,M12,A4100,THS_HD,LT,2021,136.90,
ESTAT:APRO_MT_LSSHEEP(1.0),27/06/22 23:00:00,A,M12,A4100,THS_HD,LU,1963,3.00,
ESTAT:APRO_MT_LSSHEEP(1.0),27/06/22 23:00:00,A,M12,A4100,THS_HD,LU,1964,3.00,
ESTAT:APRO_MT_LSSHEEP(1.0),27/06/22 23:00:00,A,M12,A4100,THS_HD,LU,1965,3.00,
ESTAT:APRO_MT_LSSHEEP(1.0),27/06/22 23:00:00,A,M12,A4100,THS_HD,LU,1966,4.00,
ESTAT:APRO_MT_LSSHEEP(1.0),27/06/22 23:00:00,A,M12,A4100,THS_HD,LU,1967,4.00,
ESTAT:APRO_MT_LSSHEEP(1.0),27/06/22 23:00:00,A,M12,A4100,THS_HD,LU,1968,5.00,
ESTAT:APRO_MT_LSSHEEP(1.0),27/06/22 23:00:00,A,M12,A4100,THS_HD,LU,1969,5.00,
ESTAT:APRO_MT_LSSHEEP(1.0),27/06/22 23:00:00,A,M12,A4100,THS_HD,LU,1970,5.00,
ESTAT:APRO_MT_LSSHEEP(1.0),27/06/22 23:00:00,A,M12,A4100,THS_HD,LU,1971,5.00,
ESTAT:APRO_MT_LSSHEEP(1.0),27/06/22 23:00:00,A,M12,A4100,THS_HD,LU,1972,5.00,
ESTAT:APRO_MT_LSSHEEP(1.0),27/06/22 23:00:00,A,M12,A4100,THS_HD,LU,1973,6.00,
ESTAT:APRO_MT_LSSHEEP(1.0),27/06/22 23:00:00,A,M12,A4100,THS_HD,LU,1974,5.00,
ESTAT:APRO_MT_LSSHEEP(1.0),27/06/22 23:00:00,A,M12,A4100,THS_HD,LU,1975,5.00,
ESTAT:APRO_MT_LSSHEEP(1.0),27/06/22 23:00:00,A,M12,A4100,THS_HD,LU,1976,5.00,
ESTAT:APRO_MT_LSSHEEP(1.0),27/06/22 23:00:00,A,M12,A4100,THS_HD,LU,1977,4.00,
ESTAT:APRO_MT_LSSHEEP(1.0),27/06/22 23:00:00,A,M12,A4100,THS_HD,LU,1978,5.00,
ESTAT:APRO_MT_LSSHEEP(1.0),27/06/22 23:00:00,A,M12,A4100,THS_HD,LU,1979,5.00,
ESTAT:APRO_MT_LSSHEEP(1.0),27/06/22 23:00:00,A,M12,A4100,THS_HD,LU,1980,4.00,
ESTAT:APRO_MT_LSSHEEP(1.0),27/06/22 23:00:00,A,M12,A4100,THS_HD,LU,1981,4.00,
ESTAT:APRO_MT_LSSHEEP(1.0),27/06/22 23:00:00,A,M12,A4100,THS_HD,LU,1982,4.00,
ESTAT:APRO_MT_LSSHEEP(1.0),27/06/22 23:00:00,A,M12,A4100,THS_HD,LU,1983,3.53,
ESTAT:APRO_MT_LSSHEEP(1.0),27/06/22 23:00:00,A,M12,A4100,THS_HD,LU,1984,5.11,
ESTAT:APRO_MT_LSSHEEP(1.0),27/06/22 23:00:00,A,M12,A4100,THS_HD,LU,1985,3.72,
ESTAT:APRO_MT_LSSHEEP(1.0),27/06/22 23:00:00,A,M12,A4100,THS_HD,LU,1986,3.70,
ESTAT:APRO_MT_LSSHEEP(1.0),27/06/22 23:00:00,A,M12,A4100,THS_HD,LU,1987,6.53,
ESTAT:APRO_MT_LSSHEEP(1.0),27/06/22 23:00:00,A,M12,A4100,THS_HD,LU,1988,6.66,
ESTAT:APRO_MT_LSSHEEP(1.0),27/06/22 23:00:00,A,M12,A4100,THS_HD,LU,1989,6.61,
ESTAT:APRO_MT_LSSHEEP(1.0),27/06/22 23:00:00,A,M12,A4100,THS_HD,LU,1990,7.11,
ESTAT:APRO_MT_LSSHEEP(1.0),27/06/22 23:00:00,A,M12,A4100,THS_HD,LU,1991,6.00,
ESTAT:APRO_MT_LSSHEEP(1.0),27/06/22 23:00:00,A,M12,A4100,THS_HD,LU,1992,7.00,
ESTAT:APRO_MT_LSSHEEP(1.0),27/06/22 23:00:00,A,M12,A4100,THS_HD,LU,1993,7.00,
ESTAT:APRO_MT_LSSHEEP(1.0),27/06/22 23:00:00,A,M12,A4100,THS_HD,LU,1994,6.00,
ESTAT:APRO_MT_LSSHEEP(1.0),27/06/22 23:00:00,A,M12,A4100,THS_HD,LU,1995,7.00,
ESTAT:APRO_MT_LSSHEEP(1.0),27/06/22 23:00:00,A,M12,A4100,THS_HD,LU,1996,6.47,
ESTAT:APRO_MT_LSSHEEP(1.0),27/06/22 23:00:00,A,M12,A4100,THS_HD,LU,1997,6.51,
ESTAT:APRO_MT_LSSHEEP(1.0),27/06/22 23:00:00,A,M12,A4100,THS_HD,LU,1998,7.07,
ESTAT:APRO_MT_LSSHEEP(1.0),27/06/22 23:00:00,A,M12,A4100,THS_HD,LU,1999,7.22,
ESTAT:APRO_MT_LSSHEEP(1.0),27/06/22 23:00:00,A,M12,A4100,THS_HD,LU,2000,7.04,
ESTAT:APRO_MT_LSSHEEP(1.0),27/06/22 23:00:00,A,M12,A4100,THS_HD,LU,2001,7.33,
ESTAT:APRO_MT_LSSHEEP(1.0),27/06/22 23:00:00,A,M12,A4100,THS_HD,LU,2002,8.48,
ESTAT:APRO_MT_LSSHEEP(1.0),27/06/22 23:00:00,A,M12,A4100,THS_HD,LU,2003,7.44,
ESTAT:APRO_MT_LSSHEEP(1.0),27/06/22 23:00:00,A,M12,A4100,THS_HD,LU,2004,7.30,
ESTAT:APRO_MT_LSSHEEP(1.0),27/06/22 23:00:00,A,M12,A4100,THS_HD,LU,2005,8.78,
ESTAT:APRO_MT_LSSHEEP(1.0),27/06/22 23:00:00,A,M12,A4100,THS_HD,LU,2006,8.54,
ESTAT:APRO_MT_LSSHEEP(1.0),27/06/22 23:00:00,A,M12,A4100,THS_HD,LU,2007,8.17,
ESTAT:APRO_MT_LSSHEEP(1.0),27/06/22 23:00:00,A,M12,A4100,THS_HD,LU,2008,8.07,
ESTAT:APRO_MT_LSSHEEP(1.0),27/06/22 23:00:00,A,M12,A4100,THS_HD,LU,2009,8.85,
ESTAT:APRO_MT_LSSHEEP(1.0),27/06/22 23:00:00,A,M12,A4100,THS_HD,LU,2010,7.51,
ESTAT:APRO_MT_LSSHEEP(1.0),27/06/22 23:00:00,A,M12,A4100,THS_HD,LU,2015,8.95,e
ESTAT:APRO_MT_LSSHEEP(1.0),27/06/22 23:00:00,A,M12,A4100,THS_HD,LU,2019,8.68,e
ESTAT:APRO_MT_LSSHEEP(1.0),27/06/22 23:00:00,A,M12,A4100,THS_HD,LV,1987,165.10,
ESTAT:APRO_MT_LSSHEEP(1.0),27/06/22 23:00:00,A,M12,A4100,THS_HD,LV,1988,160.30,
ESTAT:APRO_MT_LSSHEEP(1.0),27/06/22 23:00:00,A,M12,A4100,THS_HD,LV,1989,159.10,
ESTAT:APRO_MT_LSSHEEP(1.0),27/06/22 23:00:00,A,M12,A4100,THS_HD,LV,1990,164.60,
ESTAT:APRO_MT_LSSHEEP(1.0),27/06/22 23:00:00,A,M12,A4100,THS_HD,LV,1991,183.70,
ESTAT:APRO_MT_LSSHEEP(1.0),27/06/22 23:00:00,A,M12,A4100,THS_HD,LV,1992,164.70,
ESTAT:APRO_MT_LSSHEEP(1.0),27/06/22 23:00:00,A,M12,A4100,THS_HD,LV,1993,114.00,
ESTAT:APRO_MT_LSSHEEP(1.0),27/06/22 23:00:00,A,M12,A4100,THS_HD,LV,1994,86.30,
ESTAT:APRO_MT_LSSHEEP(1.0),27/06/22 23:00:00,A,M12,A4100,THS_HD,LV,1995,72.10,
ESTAT:APRO_MT_LSSHEEP(1.0),27/06/22 23:00:00,A,M12,A4100,THS_HD,LV,1996,55.50,
ESTAT:APRO_MT_LSSHEEP(1.0),27/06/22 23:00:00,A,M12,A4100,THS_HD,LV,1997,40.70,
ESTAT:APRO_MT_LSSHEEP(1.0),27/06/22 23:00:00,A,M12,A4100,THS_HD,LV,1998,29.40,
ESTAT:APRO_MT_LSSHEEP(1.0),27/06/22 23:00:00,A,M12,A4100,THS_HD,LV,1999,27.00,
ESTAT:APRO_MT_LSSHEEP(1.0),27/06/22 23:00:00,A,M12,A4100,THS_HD,LV,2000,28.60,
ESTAT:APRO_MT_LSSHEEP(1.0),27/06/22 23:00:00,A,M12,A4100,THS_HD,LV,2001,29.00,
ESTAT:APRO_MT_LSSHEEP(1.0),27/06/22 23:00:00,A,M12,A4100,THS_HD,LV,2002,31.50,
ESTAT:APRO_MT_LSSHEEP(1.0),27/06/22 23:00:00,A,M12,A4100,THS_HD,LV,2003,39.20,
ESTAT:APRO_MT_LSSHEEP(1.0),27/06/22 23:00:00,A,M12,A4100,THS_HD,LV,2004,38.60,
ESTAT:APRO_MT_LSSHEEP(1.0),27/06/22 23:00:00,A,M12,A4100,THS_HD,LV,2005,41.60,
ESTAT:APRO_MT_LSSHEEP(1.0),27/06/22 23:00:00,A,M12,A4100,THS_HD,LV,2006,41.30,
ESTAT:APRO_MT_LSSHEEP(1.0),27/06/22 23:00:00,A,M12,A4100,THS_HD,LV,2007,53.92,
ESTAT:APRO_MT_LSSHEEP(1.0),27/06/22 23:00:00,A,M12,A4100,THS_HD,LV,2008,67.07,
ESTAT:APRO_MT_LSSHEEP(1.0),27/06/22 23:00:00,A,M12,A4100,THS_HD,LV,2009,70.66,
ESTAT:APRO_MT_LSSHEEP(1.0),27/06/22 23:00:00,A,M12,A4100,THS_HD,LV,2010,76.81,
ESTAT:APRO_MT_LSSHEEP(1.0),27/06/22 23:00:00,A,M12,A4100,THS_HD,LV,2011,79.66,
ESTAT:APRO_MT_LSSHEEP(1.0),27/06/22 23:00:00,A,M12,A4100,THS_HD,LV,2012,83.63,
ESTAT:APRO_MT_LSSHEEP(1.0),27/06/22 23:00:00,A,M12,A4100,THS_HD,LV,2013,84.85,
ESTAT:APRO_MT_LSSHEEP(1.0),27/06/22 23:00:00,A,M12,A4100,THS_HD,LV,2014,92.54,
ESTAT:APRO_MT_LSSHEEP(1.0),27/06/22 23:00:00,A,M12,A4100,THS_HD,LV,2015,102.28,
ESTAT:APRO_MT_LSSHEEP(1.0),27/06/22 23:00:00,A,M12,A4100,THS_HD,LV,2016,106.63,
ESTAT:APRO_MT_LSSHEEP(1.0),27/06/22 23:00:00,A,M12,A4100,THS_HD,LV,2017,112.21,
ESTAT:APRO_MT_LSSHEEP(1.0),27/06/22 23:00:00,A,M12,A4100,THS_HD,LV,2018,107.29,
ESTAT:APRO_MT_LSSHEEP(1.0),27/06/22 23:00:00,A,M12,A4100,THS_HD,LV,2019,99.82,
ESTAT:APRO_MT_LSSHEEP(1.0),27/06/22 23:00:00,A,M12,A4100,THS_HD,LV,2020,91.89,
ESTAT:APRO_MT_LSSHEEP(1.0),27/06/22 23:00:00,A,M12,A4100,THS_HD,LV,2021,90.34,
ESTAT:APRO_MT_LSSHEEP(1.0),27/06/22 23:00:00,A,M12,A4100,THS_HD,ME,2012,207.00,
ESTAT:APRO_MT_LSSHEEP(1.0),27/06/22 23:00:00,A,M12,A4100,THS_HD,ME,2013,191.00,
ESTAT:APRO_MT_LSSHEEP(1.0),27/06/22 23:00:00,A,M12,A4100,THS_HD,ME,2014,204.00,
ESTAT:APRO_MT_LSSHEEP(1.0),27/06/22 23:00:00,A,M12,A4100,THS_HD,ME,2015,195.00,
ESTAT:APRO_MT_LSSHEEP(1.0),27/06/22 23:00:00,A,M12,A4100,THS_HD,ME,2016,192.00,p
ESTAT:APRO_MT_LSSHEEP(1.0),27/06/22 23:00:00,A,M12,A4100,THS_HD,ME,2017,189.00,p
ESTAT:APRO_MT_LSSHEEP(1.0),27/06/22 23:00:00,A,M12,A4100,THS_HD,ME,2018,187.00,p
ESTAT:APRO_MT_LSSHEEP(1.0),27/06/22 23:00:00,A,M12,A4100,THS_HD,ME,2019,182.10,p
ESTAT:APRO_MT_LSSHEEP(1.0),27/06/22 23:00:00,A,M12,A4100,THS_HD,MK,2012,732.00,
ESTAT:APRO_MT_LSSHEEP(1.0),27/06/22 23:00:00,A,M12,A4100,THS_HD,MK,2013,732.00,
ESTAT:APRO_MT_LSSHEEP(1.0),27/06/22 23:00:00,A,M12,A4100,THS_HD,MK,2014,740.00,
ESTAT:APRO_MT_LSSHEEP(1.0),27/06/22 23:00:00,A,M12,A4100,THS_HD,MK,2015,734.00,
ESTAT:APRO_MT_LSSHEEP(1.0),27/06/22 23:00:00,A,M12,A4100,THS_HD,MK,2016,723.00,
ESTAT:APRO_MT_LSSHEEP(1.0),27/06/22 23:00:00,A,M12,A4100,THS_HD,MK,2017,725.00,
ESTAT:APRO_MT_LSSHEEP(1.0),27/06/22 23:00:00,A,M12,A4100,THS_HD,MK,2018,727.00,
ESTAT:APRO_MT_LSSHEEP(1.0),27/06/22 23:00:00,A,M12,A4100,THS_HD,MK,2019,684.00,
ESTAT:APRO_MT_LSSHEEP(1.0),27/06/22 23:00:00,A,M12,A4100,THS_HD,MK,2020,631.00,
ESTAT:APRO_MT_LSSHEEP(1.0),27/06/22 23:00:00,A,M12,A4100,THS_HD,MK,2021,633.00,
ESTAT:APRO_MT_LSSHEEP(1.0),27/06/22 23:00:00,A,M12,A4100,THS_HD,MT,2001,8.08,
ESTAT:APRO_MT_LSSHEEP(1.0),27/06/22 23:00:00,A,M12,A4100,THS_HD,MT,2002,12.25,
ESTAT:APRO_MT_LSSHEEP(1.0),27/06/22 23:00:00,A,M12,A4100,THS_HD,MT,2003,14.86,
ESTAT:APRO_MT_LSSHEEP(1.0),27/06/22 23:00:00,A,M12,A4100,THS_HD,MT,2004,14.13,
ESTAT:APRO_MT_LSSHEEP(1.0),27/06/22 23:00:00,A,M12,A4100,THS_HD,MT,2005,14.64,
ESTAT:APRO_MT_LSSHEEP(1.0),27/06/22 23:00:00,A,M12,A4100,THS_HD,MT,2006,11.99,
ESTAT:APRO_MT_LSSHEEP(1.0),27/06/22 23:00:00,A,M12,A4100,THS_HD,MT,2007,12.32,
ESTAT:APRO_MT_LSSHEEP(1.0),27/06/22 23:00:00,A,M12,A4100,THS_HD,MT,2008,12.84,
ESTAT:APRO_MT_LSSHEEP(1.0),27/06/22 23:00:00,A,M12,A4100,THS_HD,MT,2009,12.89,
ESTAT:APRO_MT_LSSHEEP(1.0),27/06/22 23:00:00,A,M12,A4100,THS_HD,MT,2010,12.38,
ESTAT:APRO_MT_LSSHEEP(1.0),27/06/22 23:00:00,A,M12,A4100,THS_HD,MT,2011,11.89,
ESTAT:APRO_MT_LSSHEEP(1.0),27/06/22 23:00:00,A,M12,A4100,THS_HD,MT,2012,11.70,
ESTAT:APRO_MT_LSSHEEP(1.0),27/06/22 23:00:00,A,M12,A4100,THS_HD,MT,2013,10.93,
ESTAT:APRO_MT_LSSHEEP(1.0),27/06/22 23:00:00,A,M12,A4100,THS_HD,MT,2014,10.53,
ESTAT:APRO_MT_LSSHEEP(1.0),27/06/22 23:00:00,A,M12,A4100,THS_HD,MT,2015,11.08,
ESTAT:APRO_MT_LSSHEEP(1.0),27/06/22 23:00:00,A,M12,A4100,THS_HD,MT,2016,11.52,
ESTAT:APRO_MT_LSSHEEP(1.0),27/06/22 23:00:00,A,M12,A4100,THS_HD,MT,2017,11.74,
ESTAT:APRO_MT_LSSHEEP(1.0),27/06/22 23:00:00,A,M12,A4100,THS_HD,MT,2018,13.17,
ESTAT:APRO_MT_LSSHEEP(1.0),27/06/22 23:00:00,A,M12,A4100,THS_HD,MT,2019,13.16,
ESTAT:APRO_MT_LSSHEEP(1.0),27/06/22 23:00:00,A,M12,A4100,THS_HD,MT,2020,13.15,
ESTAT:APRO_MT_LSSHEEP(1.0),27/06/22 23:00:00,A,M12,A4100,THS_HD,MT,2021,12.73,
ESTAT:APRO_MT_LSSHEEP(1.0),27/06/22 23:00:00,A,M12,A4100,THS_HD,NL,1960,456.00,
ESTAT:APRO_MT_LSSHEEP(1.0),27/06/22 23:00:00,A,M12,A4100,THS_HD,NL,1961,438.00,
ESTAT:APRO_MT_LSSHEEP(1.0),27/06/22 23:00:00,A,M12,A4100,THS_HD,NL,1962,482.00,
ESTAT:APRO_MT_LSSHEEP(1.0),27/06/22 23:00:00,A,M12,A4100,THS_HD,NL,1963,468.00,
ESTAT:APRO_MT_LSSHEEP(1.0),27/06/22 23:00:00,A,M12,A4100,THS_HD,NL,1964,443.00,
ESTAT:APRO_MT_LSSHEEP(1.0),27/06/22 23:00:00,A,M12,A4100,THS_HD,NL,1965,484.00,
ESTAT:APRO_MT_LSSHEEP(1.0),27/06/22 23:00:00,A,M12,A4100,THS_HD,NL,1966,558.00,
ESTAT:APRO_MT_LSSHEEP(1.0),27/06/22 23:00:00,A,M12,A4100,THS_HD,NL,1967,529.00,
ESTAT:APRO_MT_LSSHEEP(1.0),27/06/22 23:00:00,A,M12,A4100,THS_HD,NL,1968,552.00,
ESTAT:APRO_MT_LSSHEEP(1.0),27/06/22 23:00:00,A,M12,A4100,THS_HD,NL,1969,554.00,
ESTAT:APRO_MT_LSSHEEP(1.0),27/06/22 23:00:00,A,M12,A4100,THS_HD,NL,1970,575.00,
ESTAT:APRO_MT_LSSHEEP(1.0),27/06/22 23:00:00,A,M12,A4100,THS_HD,NL,1971,572.00,
ESTAT:APRO_MT_LSSHEEP(1.0),27/06/22 23:00:00,A,M12,A4100,THS_HD,NL,1972,592.00,
ESTAT:APRO_MT_LSSHEEP(1.0),27/06/22 23:00:00,A,M12,A4100,THS_HD,NL,1973,657.00,
ESTAT:APRO_MT_LSSHEEP(1.0),27/06/22 23:00:00,A,M12,A4100,THS_HD,NL,1974,749.00,
ESTAT:APRO_MT_LSSHEEP(1.0),27/06/22 23:00:00,A,M12,A4100,THS_HD,NL,1975,760.00,
ESTAT:APRO_MT_LSSHEEP(1.0),27/06/22 23:00:00,A,M12,A4100,THS_HD,NL,1976,780.00,
ESTAT:APRO_MT_LSSHEEP(1.0),27/06/22 23:00:00,A,M12,A4100,THS_HD,NL,1977,800.00,
ESTAT:APRO_MT_LSSHEEP(1.0),27/06/22 23:00:00,A,M12,A4100,THS_HD,NL,1978,841.00,
ESTAT:APRO_MT_LSSHEEP(1.0),27/06/22 23:00:00,A,M12,A4100,THS_HD,NL,1979,895.00,
ESTAT:APRO_MT_LSSHEEP(1.0),27/06/22 23:00:00,A,M12,A4100,THS_HD,NL,1980,1000.00,
ESTAT:APRO_MT_LSSHEEP(1.0),27/06/22 23:00:00,A,M12,A4100,THS_HD,NL,1981,815.00,
ESTAT:APRO_MT_LSSHEEP(1.0),27/06/22 23:00:00,A,M12,A4100,THS_HD,NL,1982,915.00,
ESTAT:APRO_MT_LSSHEEP(1.0),27/06/22 23:00:00,A,M12,A4100,THS_HD,NL,1983,875.00,
ESTAT:APRO_MT_LSSHEEP(1.0),27/06/22 23:00:00,A,M12,A4100,THS_HD,NL,1984,920.00,
ESTAT:APRO_MT_LSSHEEP(1.0),27/06/22 23:00:00,A,M12,A4100,THS_HD,NL,1985,985.00,
ESTAT:APRO_MT_LSSHEEP(1.0),27/06/22 23:00:00,A,M12,A4100,THS_HD,NL,1986,1115.00,
ESTAT:APRO_MT_LSSHEEP(1.0),27/06/22 23:00:00,A,M12,A4100,THS_HD,NL,1987,1320.00,
ESTAT:APRO_MT_LSSHEEP(1.0),27/06/22 23:00:00,A,M12,A4100,THS_HD,NL,1988,1405.00,
ESTAT:APRO_MT_LSSHEEP(1.0),27/06/22 23:00:00,A,M12,A4100,THS_HD,NL,1989,1725.00,
ESTAT:APRO_MT_LSSHEEP(1.0),27/06/22 23:00:00,A,M12,A4100,THS_HD,NL,1990,1880.00,
ESTAT:APRO_MT_LSSHEEP(1.0),27/06/22 23:00:00,A,M12,A4100,THS_HD,NL,1991,1800.00,
ESTAT:APRO_MT_LSSHEEP(1.0),27/06/22 23:00:00,A,M12,A4100,THS_HD,NL,1992,1630.00,
ESTAT:APRO_MT_LSSHEEP(1.0),27/06/22 23:00:00,A,M12,A4100,THS_HD,NL,1993,1300.00,
ESTAT:APRO_MT_LSSHEEP(1.0),27/06/22 23:00:00,A,M12,A4100,THS_HD,NL,1994,1300.00,
ESTAT:APRO_MT_LSSHEEP(1.0),27/06/22 23:00:00,A,M12,A4100,THS_HD,NL,1995,1450.00,
ESTAT:APRO_MT_LSSHEEP(1.0),27/06/22 23:00:00,A,M12,A4100,THS_HD,NL,1996,1400.00,
ESTAT:APRO_MT_LSSHEEP(1.0),27/06/22 23:00:00,A,M12,A4100,THS_HD,NL,1997,1236.00,
ESTAT:APRO_MT_LSSHEEP(1.0),27/06/22 23:00:00,A,M12,A4100,THS_HD,NL,1998,1300.00,
ESTAT:APRO_MT_LSSHEEP(1.0),27/06/22 23:00:00,A,M12,A4100,THS_HD,NL,1999,1152.00,
ESTAT:APRO_MT_LSSHEEP(1.0),27/06/22 23:00:00,A,M12,A4100,THS_HD,NL,2000,1250.00,
ESTAT:APRO_MT_LSSHEEP(1.0),27/06/22 23:00:00,A,M12,A4100,THS_HD,NL,2001,1250.00,
ESTAT:APRO_MT_LSSHEEP(1.0),27/06/22 23:00:00,A,M12,A4100,THS_HD,NL,2002,1300.00,
ESTAT:APRO_MT_LSSHEEP(1.0),27/06/22 23:00:00,A,M12,A4100,THS_HD,NL,2003,1476.00,
ESTAT:APRO_MT_LSSHEEP(1.0),27/06/22 23:00:00,A,M12,A4100,THS_HD,NL,2004,1700.00,
ESTAT:APRO_MT_LSSHEEP(1.0),27/06/22 23:00:00,A,M12,A4100,THS_HD,NL,2005,1725.00,
ESTAT:APRO_MT_LSSHEEP(1.0),27/06/22 23:00:00,A,M12,A4100,THS_HD,NL,2006,1755.00,
ESTAT:APRO_MT_LSSHEEP(1.0),27/06/22 23:00:00,A,M12,A4100,THS_HD,NL,2007,1715.00,
ESTAT:APRO_MT_LSSHEEP(1.0),27/06/22 23:00:00,A,M12,A4100,THS_HD,NL,2008,1545.00,
ESTAT:APRO_MT_LSSHEEP(1.0),27/06/22 23:00:00,A,M12,A4100,THS_HD,NL,2009,1091.00,
ESTAT:APRO_MT_LSSHEEP(1.0),27/06/22 23:00:00,A,M12,A4100,THS_HD,NL,2010,1211.00,
ESTAT:APRO_MT_LSSHEEP(1.0),27/06/22 23:00:00,A,M12,A4100,THS_HD,NL,2011,1113.00,
ESTAT:APRO_MT_LSSHEEP(1.0),27/06/22 23:00:00,A,M12,A4100,THS_HD,NL,2012,1093.00,
ESTAT:APRO_MT_LSSHEEP(1.0),27/06/22 23:00:00,A,M12,A4100,THS_HD,NL,2013,1074.00,
ESTAT:APRO_MT_LSSHEEP(1.0),27/06/22 23:00:00,A,M12,A4100,THS_HD,NL,2014,1070.00,
ESTAT:APRO_MT_LSSHEEP(1.0),27/06/22 23:00:00,A,M12,A4100,THS_HD,NL,2015,1032.00,
ESTAT:APRO_MT_LSSHEEP(1.0),27/06/22 23:00:00,A,M12,A4100,THS_HD,NL,2016,1040.00,
ESTAT:APRO_MT_LSSHEEP(1.0),27/06/22 23:00:00,A,M12,A4100,THS_HD,NL,2017,1015.00,
ESTAT:APRO_MT_LSSHEEP(1.0),27/06/22 23:00:00,A,M12,A4100,THS_HD,NL,2018,743.00,
ESTAT:APRO_MT_LSSHEEP(1.0),27/06/22 23:00:00,A,M12,A4100,THS_HD,NL,2019,758.00,
ESTAT:APRO_MT_LSSHEEP(1.0),27/06/22 23:00:00,A,M12,A4100,THS_HD,NL,2020,710.00,
ESTAT:APRO_MT_LSSHEEP(1.0),27/06/22 23:00:00,A,M12,A4100,THS_HD,NL,2021,729.00,
ESTAT:APRO_MT_LSSHEEP(1.0),27/06/22 23:00:00,A,M12,A4100,THS_HD,PL,1987,4515.00,
ESTAT:APRO_MT_LSSHEEP(1.0),27/06/22 23:00:00,A,M12,A4100,THS_HD,PL,1988,4336.00,
ESTAT:APRO_MT_LSSHEEP(1.0),27/06/22 23:00:00,A,M12,A4100,THS_HD,PL,1989,4196.00,
ESTAT:APRO_MT_LSSHEEP(1.0),27/06/22 23:00:00,A,M12,A4100,THS_HD,PL,1990,3798.00,
ESTAT:APRO_MT_LSSHEEP(1.0),27/06/22 23:00:00,A,M12,A4100,THS_HD,PL,1991,2377.00,
ESTAT:APRO_MT_LSSHEEP(1.0),27/06/22 23:00:00,A,M12,A4100,THS_HD,PL,1992,1494.00,
ESTAT:APRO_MT_LSSHEEP(1.0),27/06/22 23:00:00,A,M12,A4100,THS_HD,PL,1993,972.00,
ESTAT:APRO_MT_LSSHEEP(1.0),27/06/22 23:00:00,A,M12,A4100,THS_HD,PL,1994,766.00,
ESTAT:APRO_MT_LSSHEEP(1.0),27/06/22 23:00:00,A,M12,A4100,THS_HD,PL,1995,608.00,
ESTAT:APRO_MT_LSSHEEP(1.0),27/06/22 23:00:00,A,M12,A4100,THS_HD,PL,1996,506.00,
ESTAT:APRO_MT_LSSHEEP(1.0),27/06/22 23:00:00,A,M12,A4100,THS_HD,PL,1997,468.00,
ESTAT:APRO_MT_LSSHEEP(1.0),27/06/22 23:00:00,A,M12,A4100,THS_HD,PL,1998,422.00,
ESTAT:APRO_MT_LSSHEEP(1.0),27/06/22 23:00:00,A,M12,A4100,THS_HD,PL,1999,372.00,
ESTAT:APRO_MT_LSSHEEP(1.0),27/06/22 23:00:00,A,M12,A4100,THS_HD,PL,2000,337.00,
ESTAT:APRO_MT_LSSHEEP(1.0),27/06/22 23:00:00,A,M12,A4100,THS_HD,PL,2001,331.07,
ESTAT:APRO_MT_LSSHEEP(1.0),27/06/22 23:00:00,A,M12,A4100,THS_HD,PL,2002,332.19,
ESTAT:APRO_MT_LSSHEEP(1.0),27/06/22 23:00:00,A,M12,A4100,THS_HD,PL,2003,331.28,
ESTAT:APRO_MT_LSSHEEP(1.0),27/06/22 23:00:00,A,M12,A4100,THS_HD,PL,2004,310.76,
ESTAT:APRO_MT_LSSHEEP(1.0),27/06/22 23:00:00,A,M12,A4100,THS_HD,PL,2005,317.67,
ESTAT:APRO_MT_LSSHEEP(1.0),27/06/22 23:00:00,A,M12,A4100,THS_HD,PL,2006,301.40,
ESTAT:APRO_MT_LSSHEEP(1.0),27/06/22 23:00:00,A,M12,A4100,THS_HD,PL,2007,315.56,
ESTAT:APRO_MT_LSSHEEP(1.0),27/06/22 23:00:00,A,M12,A4100,THS_HD,PL,2008,269.63,
ESTAT:APRO_MT_LSSHEEP(1.0),27/06/22 23:00:00,A,M12,A4100,THS_HD,PL,2009,224.03,
ESTAT:APRO_MT_LSSHEEP(1.0),27/06/22 23:00:00,A,M12,A4100,THS_HD,PL,2010,213.65,
ESTAT:APRO_MT_LSSHEEP(1.0),27/06/22 23:00:00,A,M12,A4100,THS_HD,PL,2011,212.74,
ESTAT:APRO_MT_LSSHEEP(1.0),27/06/22 23:00:00,A,M12,A4100,THS_HD,PL,2012,218.51,
ESTAT:APRO_MT_LSSHEEP(1.0),27/06/22 23:00:00,A,M12,A4100,THS_HD,PL,2015,221.19,e
ESTAT:APRO_MT_LSSHEEP(1.0),27/06/22 23:00:00,A,M12,A4100,THS_HD,PL,2019,268.54,e
ESTAT:APRO_MT_LSSHEEP(1.0),27/06/22 23:00:00,A,M12,A4100,THS_HD,PT,1986,3000.00,
ESTAT:APRO_MT_LSSHEEP(1.0),27/06/22 23:00:00,A,M12,A4100,THS_HD,PT,1987,3035.00,
ESTAT:APRO_MT_LSSHEEP(1.0),27/06/22 23:00:00,A,M12,A4100,THS_HD,PT,1988,3187.00,
ESTAT:APRO_MT_LSSHEEP(1.0),27/06/22 23:00:00,A,M12,A4100,THS_HD,PT,1989,3347.00,
ESTAT:APRO_MT_LSSHEEP(1.0),27/06/22 23:00:00,A,M12,A4100,THS_HD,PT,1990,3359.00,
ESTAT:APRO_MT_LSSHEEP(1.0),27/06/22 23:00:00,A,M12,A4100,THS_HD,PT,1991,3381.00,
ESTAT:APRO_MT_LSSHEEP(1.0),27/06/22 23:00:00,A,M12,A4100,THS_HD,PT,1992,3359.00,
ESTAT:APRO_MT_LSSHEEP(1.0),27/06/22 23:00:00,A,M12,A4100,THS_HD,PT,1993,3345.00,
ESTAT:APRO_MT_LSSHEEP(1.0),27/06/22 23:00:00,A,M12,A4100,THS_HD,PT,1994,3475.00,
ESTAT:APRO_MT_LSSHEEP(1.0),27/06/22 23:00:00,A,M12,A4100,THS_HD,PT,1995,3482.00,
ESTAT:APRO_MT_LSSHEEP(1.0),27/06/22 23:00:00,A,M12,A4100,THS_HD,PT,1996,3486.00,
ESTAT:APRO_MT_LSSHEEP(1.0),27/06/22 23:00:00,A,M12,A4100,THS_HD,PT,1997,3432.00,
ESTAT:APRO_MT_LSSHEEP(1.0),27/06/22 23:00:00,A,M12,A4100,THS_HD,PT,1998,3590.00,
ESTAT:APRO_MT_LSSHEEP(1.0),27/06/22 23:00:00,A,M12,A4100,THS_HD,PT,1999,3583.67,
ESTAT:APRO_MT_LSSHEEP(1.0),27/06/22 23:00:00,A,M12,A4100,THS_HD,PT,2000,3215.26,
ESTAT:APRO_MT_LSSHEEP(1.0),27/06/22 23:00:00,A,M12,A4100,THS_HD,PT,2001,2841.77,
ESTAT:APRO_MT_LSSHEEP(1.0),27/06/22 23:00:00,A,M12,A4100,THS_HD,PT,2002,2812.28,
ESTAT:APRO_MT_LSSHEEP(1.0),27/06/22 23:00:00,A,M12,A4100,THS_HD,PT,2003,2774.76,
ESTAT:APRO_MT_LSSHEEP(1.0),27/06/22 23:00:00,A,M12,A4100,THS_HD,PT,2004,2868.45,
ESTAT:APRO_MT_LSSHEEP(1.0),27/06/22 23:00:00,A,M12,A4100,THS_HD,PT,2005,2903.00,
ESTAT:APRO_MT_LSSHEEP(1.0),27/06/22 23:00:00,A,M12,A4100,THS_HD,PT,2006,2839.30,
ESTAT:APRO_MT_LSSHEEP(1.0),27/06/22 23:00:00,A,M12,A4100,THS_HD,PT,2007,2703.13,
ESTAT:APRO_MT_LSSHEEP(1.0),27/06/22 23:00:00,A,M12,A4100,THS_HD,PT,2008,2558.25,
ESTAT:APRO_MT_LSSHEEP(1.0),27/06/22 23:00:00,A,M12,A4100,THS_HD,PT,2009,2367.88,
ESTAT:APRO_MT_LSSHEEP(1.0),27/06/22 23:00:00,A,M12,A4100,THS_HD,PT,2010,2226.26,
ESTAT:APRO_MT_LSSHEEP(1.0),27/06/22 23:00:00,A,M12,A4100,THS_HD,PT,2011,2169.90,
ESTAT:APRO_MT_LSSHEEP(1.0),27/06/22 23:00:00,A,M12,A4100,THS_HD,PT,2012,2091.70,
ESTAT:APRO_MT_LSSHEEP(1.0),27/06/22 23:00:00,A,M12,A4100,THS_HD,PT,2013,2073.65,
ESTAT:APRO_MT_LSSHEEP(1.0),27/06/22 23:00:00,A,M12,A4100,THS_HD,PT,2014,2032.62,
ESTAT:APRO_MT_LSSHEEP(1.0),27/06/22 23:00:00,A,M12,A4100,THS_HD,PT,2015,2042.61,
ESTAT:APRO_MT_LSSHEEP(1.0),27/06/22 23:00:00,A,M12,A4100,THS_HD,PT,2016,2248.52,
ESTAT:APRO_MT_LSSHEEP(1.0),27/06/22 23:00:00,A,M12,A4100,THS_HD,PT,2017,2224.69,
ESTAT:APRO_MT_LSSHEEP(1.0),27/06/22 23:00:00,A,M12,A4100,THS_HD,PT,2018,2207.79,
ESTAT:APRO_MT_LSSHEEP(1.0),27/06/22 23:00:00,A,M12,A4100,THS_HD,PT,2019,2219.78,
ESTAT:APRO_MT_LSSHEEP(1.0),27/06/22 23:00:00,A,M12,A4100,THS_HD,PT,2020,2303.72,
ESTAT:APRO_MT_LSSHEEP(1.0),27/06/22 23:00:00,A,M12,A4100,THS_HD,PT,2021,2237.97,p
ESTAT:APRO_MT_LSSHEEP(1.0),27/06/22 23:00:00,A,M12,A4100,THS_HD,RO,1987,16839.00,
ESTAT:APRO_MT_LSSHEEP(1.0),27/06/22 23:00:00,A,M12,A4100,THS_HD,RO,1988,16210.00,
ESTAT:APRO_MT_LSSHEEP(1.0),27/06/22 23:00:00,A,M12,A4100,THS_HD,RO,1989,15435.00,
ESTAT:APRO_MT_LSSHEEP(1.0),27/06/22 23:00:00,A,M12,A4100,THS_HD,RO,1990,14062.00,
ESTAT:APRO_MT_LSSHEEP(1.0),27/06/22 23:00:00,A,M12,A4100,THS_HD,RO,1991,13879.00,
ESTAT:APRO_MT_LSSHEEP(1.0),27/06/22 23:00:00,A,M12,A4100,THS_HD,RO,1992,12079.00,
ESTAT:APRO_MT_LSSHEEP(1.0),27/06/22 23:00:00,A,M12,A4100,THS_HD,RO,1993,11499.00,
ESTAT:APRO_MT_LSSHEEP(1.0),27/06/22 23:00:00,A,M12,A4100,THS_HD,RO,1994,10897.00,
ESTAT:APRO_MT_LSSHEEP(1.0),27/06/22 23:00:00,A,M12,A4100,THS_HD,RO,1995,10381.00,
ESTAT:APRO_MT_LSSHEEP(1.0),27/06/22 23:00:00,A,M12,A4100,THS_HD,RO,1996,9663.00,
ESTAT:APRO_MT_LSSHEEP(1.0),27/06/22 23:00:00,A,M12,A4100,THS_HD,RO,1997,8938.00,
ESTAT:APRO_MT_LSSHEEP(1.0),27/06/22 23:00:00,A,M12,A4100,THS_HD,RO,1998,8409.00,
ESTAT:APRO_MT_LSSHEEP(1.0),27/06/22 23:00:00,A,M12,A4100,THS_HD,RO,1999,8121.00,
ESTAT:APRO_MT_LSSHEEP(1.0),27/06/22 23:00:00,A,M12,A4100,THS_HD,RO,2000,7657.00,
ESTAT:APRO_MT_LSSHEEP(1.0),27/06/22 23:00:00,A,M12,A4100,THS_HD,RO,2001,7251.00,
ESTAT:APRO_MT_LSSHEEP(1.0),27/06/22 23:00:00,A,M12,A4100,THS_HD,RO,2002,7312.00,
ESTAT:APRO_MT_LSSHEEP(1.0),27/06/22 23:00:00,A,M12,A4100,THS_HD,RO,2003,7447.00,
ESTAT:APRO_MT_LSSHEEP(1.0),27/06/22 23:00:00,A,M12,A4100,THS_HD,RO,2004,7425.30,
ESTAT:APRO_MT_LSSHEEP(1.0),27/06/22 23:00:00,A,M12,A4100,THS_HD,RO,2005,7608.40,
ESTAT:APRO_MT_LSSHEEP(1.0),27/06/22 23:00:00,A,M12,A4100,THS_HD,RO,2006,7678.21,
ESTAT:APRO_MT_LSSHEEP(1.0),27/06/22 23:00:00,A,M12,A4100,THS_HD,RO,2007,8469.20,
ESTAT:APRO_MT_LSSHEEP(1.0),27/06/22 23:00:00,A,M12,A4100,THS_HD,RO,2008,8881.60,
ESTAT:APRO_MT_LSSHEEP(1.0),27/06/22 23:00:00,A,M12,A4100,THS_HD,RO,2009,9141.50,
ESTAT:APRO_MT_LSSHEEP(1.0),27/06/22 23:00:00,A,M12,A4100,THS_HD,RO,2010,8417.40,
ESTAT:APRO_MT_LSSHEEP(1.0),27/06/22 23:00:00,A,M12,A4100,THS_HD,RO,2011,8533.40,
ESTAT:APRO_MT_LSSHEEP(1.0),27/06/22 23:00:00,A,M12,A4100,THS_HD,RO,2012,8833.80,
ESTAT:APRO_MT_LSSHEEP(1.0),27/06/22 23:00:00,A,M12,A4100,THS_HD,RO,2013,9135.60,
ESTAT:APRO_MT_LSSHEEP(1.0),27/06/22 23:00:00,A,M12,A4100,THS_HD,RO,2014,9518.20,
ESTAT:APRO_MT_LSSHEEP(1.0),27/06/22 23:00:00,A,M12,A4100,THS_HD,RO,2015,9809.50,
ESTAT:APRO_MT_LSSHEEP(1.0),27/06/22 23:00:00,A,M12,A4100,THS_HD,RO,2016,9875.50,
ESTAT:APRO_MT_LSSHEEP(1.0),27/06/22 23:00:00,A,M12,A4100,THS_HD,RO,2017,9981.80,
ESTAT:APRO_MT_LSSHEEP(1.0),27/06/22 23:00:00,A,M12,A4100,THS_HD,RO,2018,10176.40,
ESTAT:APRO_MT_LSSHEEP(1.0),27/06/22 23:00:00,A,M12,A4100,THS_HD,RO,2019,10358.70,
ESTAT:APRO_MT_LSSHEEP(1.0),27/06/22 23:00:00,A,M12,A4100,THS_HD,RO,2020,10281.50,
ESTAT:APRO_MT_LSSHEEP(1.0),27/06/22 23:00:00,A,M12,A4100,THS_HD,RO,2021,10049.90,
ESTAT:APRO_MT_LSSHEEP(1.0),27/06/22 23:00:00,A,M12,A4100,THS_HD,RS,2010,1475.00,
ESTAT:APRO_MT_LSSHEEP(1.0),27/06/22 23:00:00,A,M12,A4100,THS_HD,RS,2011,1460.00,
ESTAT:APRO_MT_LSSHEEP(1.0),27/06/22 23:00:00,A,M12,A4100,THS_HD,RS,2012,1635.00,e
ESTAT:APRO_MT_LSSHEEP(1.0),27/06/22 23:00:00,A,M12,A4100,THS_HD,RS,2013,1616.00,
ESTAT:APRO_MT_LSSHEEP(1.0),27/06/22 23:00:00,A,M12,A4100,THS_HD,RS,2014,1748.00,
ESTAT:APRO_MT_LSSHEEP(1.0),27/06/22 23:00:00,A,M12,A4100,THS_HD,RS,2015,1789.00,
ESTAT:APRO_MT_LSSHEEP(1.0),27/06/22 23:00:00,A,M12,A4100,THS_HD,RS,2016,1665.00,
ESTAT:APRO_MT_LSSHEEP(1.0),27/06/22 23:00:00,A,M12,A4100,THS_HD,RS,2017,1704.00,
ESTAT:APRO_MT_LSSHEEP(1.0),27/06/22 23:00:00,A,M12,A4100,THS_HD,RS,2018,1712.00,
ESTAT:APRO_MT_LSSHEEP(1.0),27/06/22 23:00:00,A,M12,A4100,THS_HD,RS,2019,1642.00,
ESTAT:APRO_MT_LSSHEEP(1.0),27/06/22 23:00:00,A,M12,A4100,THS_HD,RS,2020,1685.00,
ESTAT:APRO_MT_LSSHEEP(1.0),27/06/22 23:00:00,A,M12,A4100,THS_HD,RS,2021,1695.00,
ESTAT:APRO_MT_LSSHEEP(1.0),27/06/22 23:00:00,A,M12,A4100,THS_HD,SE,1991,419.00,
ESTAT:APRO_MT_LSSHEEP(1.0),27/06/22 23:00:00,A,M12,A4100,THS_HD,SE,1992,447.00,
ESTAT:APRO_MT_LSSHEEP(1.0),27/06/22 23:00:00,A,M12,A4100,THS_HD,SE,1993,471.00,
ESTAT:APRO_MT_LSSHEEP(1.0),27/06/22 23:00:00,A,M12,A4100,THS_HD,SE,1994,483.00,
ESTAT:APRO_MT_LSSHEEP(1.0),27/06/22 23:00:00,A,M12,A4100,THS_HD,SE,1995,461.00,
ESTAT:APRO_MT_LSSHEEP(1.0),27/06/22 23:00:00,A,M12,A4100,THS_HD,SE,1996,469.00,
ESTAT:APRO_MT_LSSHEEP(1.0),27/06/22 23:00:00,A,M12,A4100,THS_HD,SE,1997,442.00,
ESTAT:APRO_MT_LSSHEEP(1.0),27/06/22 23:00:00,A,M12,A4100,THS_HD,SE,1998,421.00,
ESTAT:APRO_MT_LSSHEEP(1.0),27/06/22 23:00:00,A,M12,A4100,THS_HD,SE,1999,437.00,
ESTAT:APRO_MT_LSSHEEP(1.0),27/06/22 23:00:00,A,M12,A4100,THS_HD,SE,2000,432.00,
ESTAT:APRO_MT_LSSHEEP(1.0),27/06/22 23:00:00,A,M12,A4100,THS_HD,SE,2001,452.00,
ESTAT:APRO_MT_LSSHEEP(1.0),27/06/22 23:00:00,A,M12,A4100,THS_HD,SE,2002,427.00,
ESTAT:APRO_MT_LSSHEEP(1.0),27/06/22 23:00:00,A,M12,A4100,THS_HD,SE,2003,451.00,
ESTAT:APRO_MT_LSSHEEP(1.0),27/06/22 23:00:00,A,M12,A4100,THS_HD,SE,2004,456.00,
ESTAT:APRO_MT_LSSHEEP(1.0),27/06/22 23:00:00,A,M12,A4100,THS_HD,SE,2005,479.70,
ESTAT:APRO_MT_LSSHEEP(1.0),27/06/22 23:00:00,A,M12,A4100,THS_HD,SE,2006,505.47,
ESTAT:APRO_MT_LSSHEEP(1.0),27/06/22 23:00:00,A,M12,A4100,THS_HD,SE,2007,520.88,
ESTAT:APRO_MT_LSSHEEP(1.0),27/06/22 23:00:00,A,M12,A4100,THS_HD,SE,2008,520.88,
ESTAT:APRO_MT_LSSHEEP(1.0),27/06/22 23:00:00,A,M12,A4100,THS_HD,SE,2009,540.49,
ESTAT:APRO_MT_LSSHEEP(1.0),27/06/22 23:00:00,A,M12,A4100,THS_HD,SE,2010,564.92,
ESTAT:APRO_MT_LSSHEEP(1.0),27/06/22 23:00:00,A,M12,A4100,THS_HD,SE,2011,622.71,
ESTAT:APRO_MT_LSSHEEP(1.0),27/06/22 23:00:00,A,M12,A4100,THS_HD,SE,2012,610.53,
ESTAT:APRO_MT_LSSHEEP(1.0),27/06/22 23:00:00,A,M12,A4100,THS_HD,SE,2013,576.77,
ESTAT:APRO_MT_LSSHEEP(1.0),27/06/22 23:00:00,A,M12,A4100,THS_HD,SE,2014,588.76,
ESTAT:APRO_MT_LSSHEEP(1.0),27/06/22 23:00:00,A,M12,A4100,THS_HD,SE,2015,594.73,
ESTAT:APRO_MT_LSSHEEP(1.0),27/06/22 23:00:00,A,M12,A4100,THS_HD,SE,2016,578.17,
ESTAT:APRO_MT_LSSHEEP(1.0),27/06/22 23:00:00,A,M12,A4100,THS_HD,SE,2017,606.08,
ESTAT:APRO_MT_LSSHEEP(1.0),27/06/22 23:00:00,A,M12,A4100,THS_HD,SE,2018,366.52,
ESTAT:APRO_MT_LSSHEEP(1.0),27/06/22 23:00:00,A,M12,A4100,THS_HD,SE,2019,371.23,
ESTAT:APRO_MT_LSSHEEP(1.0),27/06/22 23:00:00,A,M12,A4100,THS_HD,SE,2020,367.74,
ESTAT:APRO_MT_LSSHEEP(1.0),27/06/22 23:00:00,A,M12,A4100,THS_HD,SE,2021,348.77,p
ESTAT:APRO_MT_LSSHEEP(1.0),27/06/22 23:00:00,A,M12,A4100,THS_HD,SI,1987,25.00,
ESTAT:APRO_MT_LSSHEEP(1.0),27/06/22 23:00:00,A,M12,A4100,THS_HD,SI,1988,24.00,
ESTAT:APRO_MT_LSSHEEP(1.0),27/06/22 23:00:00,A,M12,A4100,THS_HD,SI,1989,23.00,
ESTAT:APRO_MT_LSSHEEP(1.0),27/06/22 23:00:00,A,M12,A4100,THS_HD,SI,1990,20.00,
ESTAT:APRO_MT_LSSHEEP(1.0),27/06/22 23:00:00,A,M12,A4100,THS_HD,SI,1991,28.00,
ESTAT:APRO_MT_LSSHEEP(1.0),27/06/22 23:00:00,A,M12,A4100,THS_HD,SI,1992,21.00,
ESTAT:APRO_MT_LSSHEEP(1.0),27/06/22 23:00:00,A,M12,A4100,THS_HD,SI,1993,20.00,
ESTAT:APRO_MT_LSSHEEP(1.0),27/06/22 23:00:00,A,M12,A4100,THS_HD,SI,1994,18.00,
ESTAT:APRO_MT_LSSHEEP(1.0),27/06/22 23:00:00,A,M12,A4100,THS_HD,SI,1995,28.00,
ESTAT:APRO_MT_LSSHEEP(1.0),27/06/22 23:00:00,A,M12,A4100,THS_HD,SI,1996,28.00,
ESTAT:APRO_MT_LSSHEEP(1.0),27/06/22 23:00:00,A,M12,A4100,THS_HD,SI,1998,72.00,
ESTAT:APRO_MT_LSSHEEP(1.0),27/06/22 23:00:00,A,M12,A4100,THS_HD,SI,1999,72.53,
ESTAT:APRO_MT_LSSHEEP(1.0),27/06/22 23:00:00,A,M12,A4100,THS_HD,SI,2000,96.23,
ESTAT:APRO_MT_LSSHEEP(1.0),27/06/22 23:00:00,A,M12,A4100,THS_HD,SI,2001,94.07,
ESTAT:APRO_MT_LSSHEEP(1.0),27/06/22 23:00:00,A,M12,A4100,THS_HD,SI,2002,107.40,
ESTAT:APRO_MT_LSSHEEP(1.0),27/06/22 23:00:00,A,M12,A4100,THS_HD,SI,2003,105.66,
ESTAT:APRO_MT_LSSHEEP(1.0),27/06/22 23:00:00,A,M12,A4100,THS_HD,SI,2004,119.26,
ESTAT:APRO_MT_LSSHEEP(1.0),27/06/22 23:00:00,A,M12,A4100,THS_HD,SI,2005,129.35,
ESTAT:APRO_MT_LSSHEEP(1.0),27/06/22 23:00:00,A,M12,A4100,THS_HD,SI,2006,131.53,
ESTAT:APRO_MT_LSSHEEP(1.0),27/06/22 23:00:00,A,M12,A4100,THS_HD,SI,2007,131.18,
ESTAT:APRO_MT_LSSHEEP(1.0),27/06/22 23:00:00,A,M12,A4100,THS_HD,SI,2008,138.96,
ESTAT:APRO_MT_LSSHEEP(1.0),27/06/22 23:00:00,A,M12,A4100,THS_HD,SI,2009,137.62,
ESTAT:APRO_MT_LSSHEEP(1.0),27/06/22 23:00:00,A,M12,A4100,THS_HD,SI,2015,109.41,e
ESTAT:APRO_MT_LSSHEEP(1.0),27/06/22 23:00:00,A,M12,A4100,THS_HD,SI,2019,110.26,e
ESTAT:APRO_MT_LSSHEEP(1.0),27/06/22 23:00:00,A,M12,A4100,THS_HD,SK,1987,671.00,
ESTAT:APRO_MT_LSSHEEP(1.0),27/06/22 23:00:00,A,M12,A4100,THS_HD,SK,1988,648.00,
ESTAT:APRO_MT_LSSHEEP(1.0),27/06/22 23:00:00,A,M12,A4100,THS_HD,SK,1989,621.00,
ESTAT:APRO_MT_LSSHEEP(1.0),27/06/22 23:00:00,A,M12,A4100,THS_HD,SK,1990,600.00,
ESTAT:APRO_MT_LSSHEEP(1.0),27/06/22 23:00:00,A,M12,A4100,THS_HD,SK,1991,531.00,
ESTAT:APRO_MT_LSSHEEP(1.0),27/06/22 23:00:00,A,M12,A4100,THS_HD,SK,1992,467.00,
ESTAT:APRO_MT_LSSHEEP(1.0),27/06/22 23:00:00,A,M12,A4100,THS_HD,SK,1993,411.00,
ESTAT:APRO_MT_LSSHEEP(1.0),27/06/22 23:00:00,A,M12,A4100,THS_HD,SK,1994,397.00,
ESTAT:APRO_MT_LSSHEEP(1.0),27/06/22 23:00:00,A,M12,A4100,THS_HD,SK,1995,428.00,
ESTAT:APRO_MT_LSSHEEP(1.0),27/06/22 23:00:00,A,M12,A4100,THS_HD,SK,1996,419.00,
ESTAT:APRO_MT_LSSHEEP(1.0),27/06/22 23:00:00,A,M12,A4100,THS_HD,SK,1997,417.00,
ESTAT:APRO_MT_LSSHEEP(1.0),27/06/22 23:00:00,A,M12,A4100,THS_HD,SK,1998,326.00,
ESTAT:APRO_MT_LSSHEEP(1.0),27/06/22 23:00:00,A,M12,A4100,THS_HD,SK,1999,340.35,
ESTAT:APRO_MT_LSSHEEP(1.0),27/06/22 23:00:00,A,M12,A4100,THS_HD,SK,2000,347.98,
ESTAT:APRO_MT_LSSHEEP(1.0),27/06/22 23:00:00,A,M12,A4100,THS_HD,SK,2001,316.30,
ESTAT:APRO_MT_LSSHEEP(1.0),27/06/22 23:00:00,A,M12,A4100,THS_HD,SK,2002,316.03,
ESTAT:APRO_MT_LSSHEEP(1.0),27/06/22 23:00:00,A,M12,A4100,THS_HD,SK,2003,325.52,
ESTAT:APRO_MT_LSSHEEP(1.0),27/06/22 23:00:00,A,M12,A4100,THS_HD,SK,2004,321.23,
ESTAT:APRO_MT_LSSHEEP(1.0),27/06/22 23:00:00,A,M12,A4100,THS_HD,SK,2005,320.49,
ESTAT:APRO_MT_LSSHEEP(1.0),27/06/22 23:00:00,A,M12,A4100,THS_HD,SK,2006,332.57,
ESTAT:APRO_MT_LSSHEEP(1.0),27/06/22 23:00:00,A,M12,A4100,THS_HD,SK,2007,347.18,
ESTAT:APRO_MT_LSSHEEP(1.0),27/06/22 23:00:00,A,M12,A4100,THS_HD,SK,2008,361.63,
ESTAT:APRO_MT_LSSHEEP(1.0),27/06/22 23:00:00,A,M12,A4100,THS_HD,SK,2009,376.98,
ESTAT:APRO_MT_LSSHEEP(1.0),27/06/22 23:00:00,A,M12,A4100,THS_HD,SK,2010,394.18,
ESTAT:APRO_MT_LSSHEEP(1.0),27/06/22 23:00:00,A,M12,A4100,THS_HD,SK,2011,393.93,
ESTAT:APRO_MT_LSSHEEP(1.0),27/06/22 23:00:00,A,M12,A4100,THS_HD,SK,2012,409.57,
ESTAT:APRO_MT_LSSHEEP(1.0),27/06/22 23:00:00,A,M12,A4100,THS_HD,SK,2013,399.91,
ESTAT:APRO_MT_LSSHEEP(1.0),27/06/22 23:00:00,A,M12,A4100,THS_HD,SK,2014,391.15,
ESTAT:APRO_MT_LSSHEEP(1.0),27/06/22 23:00:00,A,M12,A4100,THS_HD,SK,2015,381.39,e
ESTAT:APRO_MT_LSSHEEP(1.0),27/06/22 23:00:00,A,M12,A4100,THS_HD,SK,2016,368.90,
ESTAT:APRO_MT_LSSHEEP(1.0),27/06/22 23:00:00,A,M12,A4100,THS_HD,SK,2017,365.34,
ESTAT:APRO_MT_LSSHEEP(1.0),27/06/22 23:00:00,A,M12,A4100,THS_HD,SK,2018,351.12,
ESTAT:APRO_MT_LSSHEEP(1.0),27/06/22 23:00:00,A,M12,A4100,THS_HD,SK,2019,320.56,
ESTAT:APRO_MT_LSSHEEP(1.0),27/06/22 23:00:00,A,M12,A4100,THS_HD,TR,2012,27425.23,
ESTAT:APRO_MT_LSSHEEP(1.0),27/06/22 23:00:00,A,M12,A4100,THS_HD,TR,2013,29284.25,
ESTAT:APRO_MT_LSSHEEP(1.0),27/06/22 23:00:00,A,M12,A4100,THS_HD,TR,2014,31115.19,
ESTAT:APRO_MT_LSSHEEP(1.0),27/06/22 23:00:00,A,M12,A4100,THS_HD,TR,2015,31507.93,
ESTAT:APRO_MT_LSSHEEP(1.0),27/06/22 23:00:00,A,M12,A4100,THS_HD,TR,2016,30983.93,p
ESTAT:APRO_MT_LSSHEEP(1.0),27/06/22 23:00:00,A,M12,A4100,THS_HD,TR,2017,33677.64,
ESTAT:APRO_MT_LSSHEEP(1.0),27/06/22 23:00:00,A,M12,A4100,THS_HD,TR,2018,35194.97,
ESTAT:APRO_MT_LSSHEEP(1.0),27/06/22 23:00:00,A,M12,A4100,THS_HD,TR,2019,37276.05,
ESTAT:APRO_MT_LSSHEEP(1.0),27/06/22 23:00:00,A,M12,A4100,THS_HD,TR,2020,42126.78,
ESTAT:APRO_MT_LSSHEEP(1.0),27/06/22 23:00:00,A,M12,A4100,THS_HD,TR,2021,45177.69,
ESTAT:APRO_MT_LSSHEEP(1.0),27/06/22 23:00:00,A,M12,A4100,THS_HD,UK,1968,19667.00,
ESTAT:APRO_MT_LSSHEEP(1.0),27/06/22 23:00:00,A,M12,A4100,THS_HD,UK,1969,19157.00,
ESTAT:APRO_MT_LSSHEEP(1.0),27/06/22 23:00:00,A,M12,A4100,THS_HD,UK,1970,18499.00,
ESTAT:APRO_MT_LSSHEEP(1.0),27/06/22 23:00:00,A,M12,A4100,THS_HD,UK,1971,18749.00,
ESTAT:APRO_MT_LSSHEEP(1.0),27/06/22 23:00:00,A,M12,A4100,THS_HD,UK,1972,19557.00,
ESTAT:APRO_MT_LSSHEEP(1.0),27/06/22 23:00:00,A,M12,A4100,THS_HD,UK,1973,20193.00,
ESTAT:APRO_MT_LSSHEEP(1.0),27/06/22 23:00:00,A,M12,A4100,THS_HD,UK,1974,20187.00,
ESTAT:APRO_MT_LSSHEEP(1.0),27/06/22 23:00:00,A,M12,A4100,THS_HD,UK,1975,19526.00,
ESTAT:APRO_MT_LSSHEEP(1.0),27/06/22 23:00:00,A,M12,A4100,THS_HD,UK,1976,19880.00,
ESTAT:APRO_MT_LSSHEEP(1.0),27/06/22 23:00:00,A,M12,A4100,THS_HD,UK,1977,20504.00,
ESTAT:APRO_MT_LSSHEEP(1.0),27/06/22 23:00:00,A,M12,A4100,THS_HD,UK,1978,21714.99,
ESTAT:APRO_MT_LSSHEEP(1.0),27/06/22 23:00:00,A,M12,A4100,THS_HD,UK,1979,21608.99,
ESTAT:APRO_MT_LSSHEEP(1.0),27/06/22 23:00:00,A,M12,A4100,THS_HD,UK,1980,21604.00,
ESTAT:APRO_MT_LSSHEEP(1.0),27/06/22 23:00:00,A,M12,A4100,THS_HD,UK,1981,22311.05,
ESTAT:APRO_MT_LSSHEEP(1.0),27/06/22 23:00:00,A,M12,A4100,THS_HD,UK,1982,23050.19,
ESTAT:APRO_MT_LSSHEEP(1.0),27/06/22 23:00:00,A,M12,A4100,THS_HD,UK,1983,23408.09,
ESTAT:APRO_MT_LSSHEEP(1.0),27/06/22 23:00:00,A,M12,A4100,THS_HD,UK,1984,24077.97,
ESTAT:APRO_MT_LSSHEEP(1.0),27/06/22 23:00:00,A,M12,A4100,THS_HD,UK,1985,24680.09,
ESTAT:APRO_MT_LSSHEEP(1.0),27/06/22 23:00:00,A,M12,A4100,THS_HD,UK,1986,26126.29,
ESTAT:APRO_MT_LSSHEEP(1.0),27/06/22 23:00:00,A,M12,A4100,THS_HD,UK,1987,28190.11,
ESTAT:APRO_MT_LSSHEEP(1.0),27/06/22 23:00:00,A,M12,A4100,THS_HD,UK,1988,29466.88,
ESTAT:APRO_MT_LSSHEEP(1.0),27/06/22 23:00:00,A,M12,A4100,THS_HD,UK,1989,30032.26,
ESTAT:APRO_MT_LSSHEEP(1.0),27/06/22 23:00:00,A,M12,A4100,THS_HD,UK,1990,30513.27,
ESTAT:APRO_MT_LSSHEEP(1.0),27/06/22 23:00:00,A,M12,A4100,THS_HD,UK,1991,29298.17,
ESTAT:APRO_MT_LSSHEEP(1.0),27/06/22 23:00:00,A,M12,A4100,THS_HD,UK,1992,29854.13,
ESTAT:APRO_MT_LSSHEEP(1.0),27/06/22 23:00:00,A,M12,A4100,THS_HD,UK,1993,29682.46,
ESTAT:APRO_MT_LSSHEEP(1.0),27/06/22 23:00:00,A,M12,A4100,THS_HD,UK,1994,29829.62,
ESTAT:APRO_MT_LSSHEEP(1.0),27/06/22 23:00:00,A,M12,A4100,THS_HD,UK,1995,28967.00,
ESTAT:APRO_MT_LSSHEEP(1.0),27/06/22 23:00:00,A,M12,A4100,THS_HD,UK,1996,28165.00,
ESTAT:APRO_MT_LSSHEEP(1.0),27/06/22 23:00:00,A,M12,A4100,THS_HD,UK,1997,30027.09,
ESTAT:APRO_MT_LSSHEEP(1.0),27/06/22 23:00:00,A,M12,A4100,THS_HD,UK,1998,31079.99,
ESTAT:APRO_MT_LSSHEEP(1.0),27/06/22 23:00:00,A,M12,A4100,THS_HD,UK,1999,29741.50,
ESTAT:APRO_MT_LSSHEEP(1.0),27/06/22 23:00:00,A,M12,A4100,THS_HD,UK,2000,27590.91,
ESTAT:APRO_MT_LSSHEEP(1.0),27/06/22 23:00:00,A,M12,A4100,THS_HD,UK,2001,24433.62,
ESTAT:APRO_MT_LSSHEEP(1.0),27/06/22 23:00:00,A,M12,A4100,THS_HD,UK,2002,24887.63,
ESTAT:APRO_MT_LSSHEEP(1.0),27/06/22 23:00:00,A,M12,A4100,THS_HD,UK,2003,24410.25,
ESTAT:APRO_MT_LSSHEEP(1.0),27/06/22 23:00:00,A,M12,A4100,THS_HD,UK,2004,24523.93,
ESTAT:APRO_MT_LSSHEEP(1.0),27/06/22 23:00:00,A,M12,A4100,THS_HD,UK,2005,23730.20,
ESTAT:APRO_MT_LSSHEEP(1.0),27/06/22 23:00:00,A,M12,A4100,THS_HD,UK,2006,23428.49,
ESTAT:APRO_MT_LSSHEEP(1.0),27/06/22 23:00:00,A,M12,A4100,THS_HD,UK,2007,23676.00,
ESTAT:APRO_MT_LSSHEEP(1.0),27/06/22 23:00:00,A,M12,A4100,THS_HD,UK,2008,21856.00,
ESTAT:APRO_MT_LSSHEEP(1.0),27/06/22 23:00:00,A,M12,A4100,THS_HD,UK,2009,21343.00,
ESTAT:APRO_MT_LSSHEEP(1.0),27/06/22 23:00:00,A,M12,A4100,THS_HD,UK,2010,21295.00,
ESTAT:APRO_MT_LSSHEEP(1.0),27/06/22 23:00:00,A,M12,A4100,THS_HD,UK,2011,21951.00,
ESTAT:APRO_MT_LSSHEEP(1.0),27/06/22 23:00:00,A,M12,A4100,THS_HD,UK,2012,22991.00,
ESTAT:APRO_MT_LSSHEEP(1.0),27/06/22 23:00:00,A,M12,A4100,THS_HD,UK,2013,22027.00,
ESTAT:APRO_MT_LSSHEEP(1.0),27/06/22 23:00:00,A,M12,A4100,THS_HD,UK,2014,22687.00,
ESTAT:APRO_MT_LSSHEEP(1.0),27/06/22 23:00:00,A,M12,A4100,THS_HD,UK,2015,23103.00,
ESTAT:APRO_MT_LSSHEEP(1.0),27/06/22 23:00:00,A,M12,A4100,THS_HD,UK,2016,23671.00,
ESTAT:APRO_MT_LSSHEEP(1.0),27/06/22 23:00:00,A,M12,A4100,THS_HD,UK,2017,23239.00,
ESTAT:APRO_MT_LSSHEEP(1.0),27/06/22 23:00:00,A,M12,A4100,THS_HD,UK,2018,22283.00,
ESTAT:APRO_MT_LSSHEEP(1.0),27/06/22 23:00:00,A,M12,A4100,THS_HD,UK,2019,22756.00,
ESTAT:APRO_MT_LSSHEEP(1.0),27/06/22 23:00:00,A,M12,A4100,THS_HD,XK,2015,193.70,
ESTAT:APRO_MT_LSSHEEP(1.0),27/06/22 23:00:00,A,M12,A4100,THS_HD,XK,2016,184.26,
ESTAT:APRO_MT_LSSHEEP(1.0),27/06/22 23:00:00,A,M12,A4100,THS_HD,XK,2017,182.28,
ESTAT:APRO_MT_LSSHEEP(1.0),27/06/22 23:00:00,A,M12,A4100,THS_HD,XK,2018,181.11,
ESTAT:APRO_MT_LSSHEEP(1.0),27/06/22 23:00:00,A,M12,A4100,THS_HD,XK,2019,189.10,
ESTAT:APRO_MT_LSSHEEP(1.0),27/06/22 23:00:00,A,M12,A4100,THS_HD,XK,2020,212.13,
