DATAFLOW,LAST UPDATE,freq,animals,month,unit,geo,TIME_PERIOD,OBS_VALUE,OBS_FLAG
ESTAT:APRO_MT_LSPIG(1.0),27/06/22 23:00:00,A,A3100,M12,THS_HD,AL,2014,172.40,
ESTAT:APRO_MT_LSPIG(1.0),27/06/22 23:00:00,A,A3100,M12,THS_HD,AL,2015,177.44,
ESTAT:APRO_MT_LSPIG(1.0),27/06/22 23:00:00,A,A3100,M12,THS_HD,AL,2016,183.62,p
ESTAT:APRO_MT_LSPIG(1.0),27/06/22 23:00:00,A,A3100,M12,THS_HD,AL,2017,180.09,
ESTAT:APRO_MT_LSPIG(1.0),27/06/22 23:00:00,A,A3100,M12,THS_HD,AL,2018,184.13,
ESTAT:APRO_MT_LSPIG(1.0),27/06/22 23:00:00,A,A3100,M12,THS_HD,AL,2019,183.85,
ESTAT:APRO_MT_LSPIG(1.0),27/06/22 23:00:00,A,A3100,M12,THS_HD,AL,2020,158.40,
ESTAT:APRO_MT_LSPIG(1.0),27/06/22 23:00:00,A,A3100,M12,THS_HD,AT,1994,3728.99,
ESTAT:APRO_MT_LSPIG(1.0),27/06/22 23:00:00,A,A3100,M12,THS_HD,AT,1995,3706.19,
ESTAT:APRO_MT_LSPIG(1.0),27/06/22 23:00:00,A,A3100,M12,THS_HD,AT,1996,3663.75,
ESTAT:APRO_MT_LSPIG(1.0),27/06/22 23:00:00,A,A3100,M12,THS_HD,AT,1997,3679.88,
ESTAT:APRO_MT_LSPIG(1.0),27/06/22 23:00:00,A,A3100,M12,THS_HD,AT,1998,3810.31,
ESTAT:APRO_MT_LSPIG(1.0),27/06/22 23:00:00,A,A3100,M12,THS_HD,AT,1999,3433.03,
ESTAT:APRO_MT_LSPIG(1.0),27/06/22 23:00:00,A,A3100,M12,THS_HD,AT,2000,3347.93,
ESTAT:APRO_MT_LSPIG(1.0),27/06/22 23:00:00,A,A3100,M12,THS_HD,AT,2001,3440.41,
ESTAT:APRO_MT_LSPIG(1.0),27/06/22 23:00:00,A,A3100,M12,THS_HD,AT,2002,3304.65,
ESTAT:APRO_MT_LSPIG(1.0),27/06/22 23:00:00,A,A3100,M12,THS_HD,AT,2003,3254.87,
ESTAT:APRO_MT_LSPIG(1.0),27/06/22 23:00:00,A,A3100,M12,THS_HD,AT,2004,3125.20,
ESTAT:APRO_MT_LSPIG(1.0),27/06/22 23:00:00,A,A3100,M12,THS_HD,AT,2005,3169.54,
ESTAT:APRO_MT_LSPIG(1.0),27/06/22 23:00:00,A,A3100,M12,THS_HD,AT,2006,3139.44,
ESTAT:APRO_MT_LSPIG(1.0),27/06/22 23:00:00,A,A3100,M12,THS_HD,AT,2007,3286.29,
ESTAT:APRO_MT_LSPIG(1.0),27/06/22 23:00:00,A,A3100,M12,THS_HD,AT,2008,3064.23,
ESTAT:APRO_MT_LSPIG(1.0),27/06/22 23:00:00,A,A3100,M12,THS_HD,AT,2009,3136.97,
ESTAT:APRO_MT_LSPIG(1.0),27/06/22 23:00:00,A,A3100,M12,THS_HD,AT,2010,3134.16,
ESTAT:APRO_MT_LSPIG(1.0),27/06/22 23:00:00,A,A3100,M12,THS_HD,AT,2011,3004.91,
ESTAT:APRO_MT_LSPIG(1.0),27/06/22 23:00:00,A,A3100,M12,THS_HD,AT,2012,2983.16,
ESTAT:APRO_MT_LSPIG(1.0),27/06/22 23:00:00,A,A3100,M12,THS_HD,AT,2013,2895.84,
ESTAT:APRO_MT_LSPIG(1.0),27/06/22 23:00:00,A,A3100,M12,THS_HD,AT,2014,2868.19,
ESTAT:APRO_MT_LSPIG(1.0),27/06/22 23:00:00,A,A3100,M12,THS_HD,AT,2015,2845.45,
ESTAT:APRO_MT_LSPIG(1.0),27/06/22 23:00:00,A,A3100,M12,THS_HD,AT,2016,2792.80,
ESTAT:APRO_MT_LSPIG(1.0),27/06/22 23:00:00,A,A3100,M12,THS_HD,AT,2017,2820.08,
ESTAT:APRO_MT_LSPIG(1.0),27/06/22 23:00:00,A,A3100,M12,THS_HD,AT,2018,2776.57,
ESTAT:APRO_MT_LSPIG(1.0),27/06/22 23:00:00,A,A3100,M12,THS_HD,AT,2019,2773.23,
ESTAT:APRO_MT_LSPIG(1.0),27/06/22 23:00:00,A,A3100,M12,THS_HD,AT,2020,2806.46,
ESTAT:APRO_MT_LSPIG(1.0),27/06/22 23:00:00,A,A3100,M12,THS_HD,AT,2021,2785.59,
ESTAT:APRO_MT_LSPIG(1.0),27/06/22 23:00:00,A,A3100,M12,THS_HD,BA,2010,581.00,
ESTAT:APRO_MT_LSPIG(1.0),27/06/22 23:00:00,A,A3100,M12,THS_HD,BA,2011,577.00,
ESTAT:APRO_MT_LSPIG(1.0),27/06/22 23:00:00,A,A3100,M12,THS_HD,BA,2012,539.00,e
ESTAT:APRO_MT_LSPIG(1.0),27/06/22 23:00:00,A,A3100,M12,THS_HD,BA,2013,530.00,e
ESTAT:APRO_MT_LSPIG(1.0),27/06/22 23:00:00,A,A3100,M12,THS_HD,BA,2014,533.00,e
ESTAT:APRO_MT_LSPIG(1.0),27/06/22 23:00:00,A,A3100,M12,THS_HD,BA,2015,564.00,e
ESTAT:APRO_MT_LSPIG(1.0),27/06/22 23:00:00,A,A3100,M12,THS_HD,BA,2016,545.00,e
ESTAT:APRO_MT_LSPIG(1.0),27/06/22 23:00:00,A,A3100,M12,THS_HD,BA,2017,548.00,e
ESTAT:APRO_MT_LSPIG(1.0),27/06/22 23:00:00,A,A3100,M12,THS_HD,BA,2018,542.00,e
ESTAT:APRO_MT_LSPIG(1.0),27/06/22 23:00:00,A,A3100,M12,THS_HD,BA,2019,543.00,e
ESTAT:APRO_MT_LSPIG(1.0),27/06/22 23:00:00,A,A3100,M12,THS_HD,BA,2020,547.00,e
ESTAT:APRO_MT_LSPIG(1.0),27/06/22 23:00:00,A,A3100,M12,THS_HD,BE,1969,3094.00,
ESTAT:APRO_MT_LSPIG(1.0),27/06/22 23:00:00,A,A3100,M12,THS_HD,BE,1970,3835.00,
ESTAT:APRO_MT_LSPIG(1.0),27/06/22 23:00:00,A,A3100,M12,THS_HD,BE,1971,3925.00,
ESTAT:APRO_MT_LSPIG(1.0),27/06/22 23:00:00,A,A3100,M12,THS_HD,BE,1972,4298.00,
ESTAT:APRO_MT_LSPIG(1.0),27/06/22 23:00:00,A,A3100,M12,THS_HD,BE,1973,4720.00,
ESTAT:APRO_MT_LSPIG(1.0),27/06/22 23:00:00,A,A3100,M12,THS_HD,BE,1974,4666.00,
ESTAT:APRO_MT_LSPIG(1.0),27/06/22 23:00:00,A,A3100,M12,THS_HD,BE,1975,4679.00,
ESTAT:APRO_MT_LSPIG(1.0),27/06/22 23:00:00,A,A3100,M12,THS_HD,BE,1976,4813.00,
ESTAT:APRO_MT_LSPIG(1.0),27/06/22 23:00:00,A,A3100,M12,THS_HD,BE,1977,4934.56,
ESTAT:APRO_MT_LSPIG(1.0),27/06/22 23:00:00,A,A3100,M12,THS_HD,BE,1978,4991.70,
ESTAT:APRO_MT_LSPIG(1.0),27/06/22 23:00:00,A,A3100,M12,THS_HD,BE,1979,4987.20,
ESTAT:APRO_MT_LSPIG(1.0),27/06/22 23:00:00,A,A3100,M12,THS_HD,BE,1980,5010.90,
ESTAT:APRO_MT_LSPIG(1.0),27/06/22 23:00:00,A,A3100,M12,THS_HD,BE,1981,5075.97,
ESTAT:APRO_MT_LSPIG(1.0),27/06/22 23:00:00,A,A3100,M12,THS_HD,BE,1982,5113.38,
ESTAT:APRO_MT_LSPIG(1.0),27/06/22 23:00:00,A,A3100,M12,THS_HD,BE,1983,5183.00,
ESTAT:APRO_MT_LSPIG(1.0),27/06/22 23:00:00,A,A3100,M12,THS_HD,BE,1984,5268.73,
ESTAT:APRO_MT_LSPIG(1.0),27/06/22 23:00:00,A,A3100,M12,THS_HD,BE,1985,5412.17,
ESTAT:APRO_MT_LSPIG(1.0),27/06/22 23:00:00,A,A3100,M12,THS_HD,BE,1986,5762.66,
ESTAT:APRO_MT_LSPIG(1.0),27/06/22 23:00:00,A,A3100,M12,THS_HD,BE,1987,5970.00,
ESTAT:APRO_MT_LSPIG(1.0),27/06/22 23:00:00,A,A3100,M12,THS_HD,BE,1988,6233.41,
ESTAT:APRO_MT_LSPIG(1.0),27/06/22 23:00:00,A,A3100,M12,THS_HD,BE,1989,6439.89,
ESTAT:APRO_MT_LSPIG(1.0),27/06/22 23:00:00,A,A3100,M12,THS_HD,BE,1990,6425.94,
ESTAT:APRO_MT_LSPIG(1.0),27/06/22 23:00:00,A,A3100,M12,THS_HD,BE,1991,6532.84,
ESTAT:APRO_MT_LSPIG(1.0),27/06/22 23:00:00,A,A3100,M12,THS_HD,BE,1992,6902.79,
ESTAT:APRO_MT_LSPIG(1.0),27/06/22 23:00:00,A,A3100,M12,THS_HD,BE,1993,6876.12,
ESTAT:APRO_MT_LSPIG(1.0),27/06/22 23:00:00,A,A3100,M12,THS_HD,BE,1994,6984.07,
ESTAT:APRO_MT_LSPIG(1.0),27/06/22 23:00:00,A,A3100,M12,THS_HD,BE,1995,7153.23,
ESTAT:APRO_MT_LSPIG(1.0),27/06/22 23:00:00,A,A3100,M12,THS_HD,BE,1996,7116.75,
ESTAT:APRO_MT_LSPIG(1.0),27/06/22 23:00:00,A,A3100,M12,THS_HD,BE,1997,7351.82,
ESTAT:APRO_MT_LSPIG(1.0),27/06/22 23:00:00,A,A3100,M12,THS_HD,BE,1998,7551.10,
ESTAT:APRO_MT_LSPIG(1.0),27/06/22 23:00:00,A,A3100,M12,THS_HD,BE,1999,7321.74,
ESTAT:APRO_MT_LSPIG(1.0),27/06/22 23:00:00,A,A3100,M12,THS_HD,BE,2000,7266.17,
ESTAT:APRO_MT_LSPIG(1.0),27/06/22 23:00:00,A,A3100,M12,THS_HD,BE,2001,6775.23,
ESTAT:APRO_MT_LSPIG(1.0),27/06/22 23:00:00,A,A3100,M12,THS_HD,BE,2002,6600.16,
ESTAT:APRO_MT_LSPIG(1.0),27/06/22 23:00:00,A,A3100,M12,THS_HD,BE,2003,6366.25,
ESTAT:APRO_MT_LSPIG(1.0),27/06/22 23:00:00,A,A3100,M12,THS_HD,BE,2004,6318.73,
ESTAT:APRO_MT_LSPIG(1.0),27/06/22 23:00:00,A,A3100,M12,THS_HD,BE,2005,6252.99,
ESTAT:APRO_MT_LSPIG(1.0),27/06/22 23:00:00,A,A3100,M12,THS_HD,BE,2006,6303.56,
ESTAT:APRO_MT_LSPIG(1.0),27/06/22 23:00:00,A,A3100,M12,THS_HD,BE,2007,6200.27,
ESTAT:APRO_MT_LSPIG(1.0),27/06/22 23:00:00,A,A3100,M12,THS_HD,BE,2008,6207.60,
ESTAT:APRO_MT_LSPIG(1.0),27/06/22 23:00:00,A,A3100,M12,THS_HD,BE,2009,6227.91,
ESTAT:APRO_MT_LSPIG(1.0),27/06/22 23:00:00,A,A3100,M12,THS_HD,BE,2010,6176.26,
ESTAT:APRO_MT_LSPIG(1.0),27/06/22 23:00:00,A,A3100,M12,THS_HD,BE,2011,6327.86,
ESTAT:APRO_MT_LSPIG(1.0),27/06/22 23:00:00,A,A3100,M12,THS_HD,BE,2012,6447.75,
ESTAT:APRO_MT_LSPIG(1.0),27/06/22 23:00:00,A,A3100,M12,THS_HD,BE,2013,6351.28,
ESTAT:APRO_MT_LSPIG(1.0),27/06/22 23:00:00,A,A3100,M12,THS_HD,BE,2014,6350.29,
ESTAT:APRO_MT_LSPIG(1.0),27/06/22 23:00:00,A,A3100,M12,THS_HD,BE,2015,6364.16,
ESTAT:APRO_MT_LSPIG(1.0),27/06/22 23:00:00,A,A3100,M12,THS_HD,BE,2016,6176.58,
ESTAT:APRO_MT_LSPIG(1.0),27/06/22 23:00:00,A,A3100,M12,THS_HD,BE,2017,6108.08,
ESTAT:APRO_MT_LSPIG(1.0),27/06/22 23:00:00,A,A3100,M12,THS_HD,BE,2018,6209.13,
ESTAT:APRO_MT_LSPIG(1.0),27/06/22 23:00:00,A,A3100,M12,THS_HD,BE,2019,6085.10,
ESTAT:APRO_MT_LSPIG(1.0),27/06/22 23:00:00,A,A3100,M12,THS_HD,BE,2020,6218.27,
ESTAT:APRO_MT_LSPIG(1.0),27/06/22 23:00:00,A,A3100,M12,THS_HD,BE,2021,6042.15,
ESTAT:APRO_MT_LSPIG(1.0),27/06/22 23:00:00,A,A3100,M12,THS_HD,BG,1987,4034.00,
ESTAT:APRO_MT_LSPIG(1.0),27/06/22 23:00:00,A,A3100,M12,THS_HD,BG,1988,4119.00,
ESTAT:APRO_MT_LSPIG(1.0),27/06/22 23:00:00,A,A3100,M12,THS_HD,BG,1989,4332.00,
ESTAT:APRO_MT_LSPIG(1.0),27/06/22 23:00:00,A,A3100,M12,THS_HD,BG,1990,4187.00,
ESTAT:APRO_MT_LSPIG(1.0),27/06/22 23:00:00,A,A3100,M12,THS_HD,BG,1991,3141.00,
ESTAT:APRO_MT_LSPIG(1.0),27/06/22 23:00:00,A,A3100,M12,THS_HD,BG,1992,2680.00,
ESTAT:APRO_MT_LSPIG(1.0),27/06/22 23:00:00,A,A3100,M12,THS_HD,BG,1993,2071.00,
ESTAT:APRO_MT_LSPIG(1.0),27/06/22 23:00:00,A,A3100,M12,THS_HD,BG,1994,1986.00,
ESTAT:APRO_MT_LSPIG(1.0),27/06/22 23:00:00,A,A3100,M12,THS_HD,BG,1995,2140.00,
ESTAT:APRO_MT_LSPIG(1.0),27/06/22 23:00:00,A,A3100,M12,THS_HD,BG,1996,1500.00,
ESTAT:APRO_MT_LSPIG(1.0),27/06/22 23:00:00,A,A3100,M12,THS_HD,BG,1997,1480.00,
ESTAT:APRO_MT_LSPIG(1.0),27/06/22 23:00:00,A,A3100,M12,THS_HD,BG,1998,1721.00,
ESTAT:APRO_MT_LSPIG(1.0),27/06/22 23:00:00,A,A3100,M12,THS_HD,BG,1999,1512.00,
ESTAT:APRO_MT_LSPIG(1.0),27/06/22 23:00:00,A,A3100,M12,THS_HD,BG,2000,831.40,
ESTAT:APRO_MT_LSPIG(1.0),27/06/22 23:00:00,A,A3100,M12,THS_HD,BG,2001,788.50,
ESTAT:APRO_MT_LSPIG(1.0),27/06/22 23:00:00,A,A3100,M12,THS_HD,BG,2002,996.50,
ESTAT:APRO_MT_LSPIG(1.0),27/06/22 23:00:00,A,A3100,M12,THS_HD,BG,2003,1032.30,
ESTAT:APRO_MT_LSPIG(1.0),27/06/22 23:00:00,A,A3100,M12,THS_HD,BG,2004,942.99,
ESTAT:APRO_MT_LSPIG(1.0),27/06/22 23:00:00,A,A3100,M12,THS_HD,BG,2005,932.70,
ESTAT:APRO_MT_LSPIG(1.0),27/06/22 23:00:00,A,A3100,M12,THS_HD,BG,2006,1012.66,
ESTAT:APRO_MT_LSPIG(1.0),27/06/22 23:00:00,A,A3100,M12,THS_HD,BG,2007,888.61,
ESTAT:APRO_MT_LSPIG(1.0),27/06/22 23:00:00,A,A3100,M12,THS_HD,BG,2008,783.69,
ESTAT:APRO_MT_LSPIG(1.0),27/06/22 23:00:00,A,A3100,M12,THS_HD,BG,2009,729.80,
ESTAT:APRO_MT_LSPIG(1.0),27/06/22 23:00:00,A,A3100,M12,THS_HD,BG,2010,664.00,
ESTAT:APRO_MT_LSPIG(1.0),27/06/22 23:00:00,A,A3100,M12,THS_HD,BG,2011,608.27,
ESTAT:APRO_MT_LSPIG(1.0),27/06/22 23:00:00,A,A3100,M12,THS_HD,BG,2012,530.95,
ESTAT:APRO_MT_LSPIG(1.0),27/06/22 23:00:00,A,A3100,M12,THS_HD,BG,2013,586.42,
ESTAT:APRO_MT_LSPIG(1.0),27/06/22 23:00:00,A,A3100,M12,THS_HD,BG,2014,553.11,
ESTAT:APRO_MT_LSPIG(1.0),27/06/22 23:00:00,A,A3100,M12,THS_HD,BG,2015,600.07,
ESTAT:APRO_MT_LSPIG(1.0),27/06/22 23:00:00,A,A3100,M12,THS_HD,BG,2016,616.43,
ESTAT:APRO_MT_LSPIG(1.0),27/06/22 23:00:00,A,A3100,M12,THS_HD,BG,2017,593.15,
ESTAT:APRO_MT_LSPIG(1.0),27/06/22 23:00:00,A,A3100,M12,THS_HD,BG,2018,654.55,
ESTAT:APRO_MT_LSPIG(1.0),27/06/22 23:00:00,A,A3100,M12,THS_HD,BG,2019,491.81,
ESTAT:APRO_MT_LSPIG(1.0),27/06/22 23:00:00,A,A3100,M12,THS_HD,BG,2020,592.10,
ESTAT:APRO_MT_LSPIG(1.0),27/06/22 23:00:00,A,A3100,M12,THS_HD,BG,2021,694.66,
ESTAT:APRO_MT_LSPIG(1.0),27/06/22 23:00:00,A,A3100,M12,THS_HD,CH,2005,1609.50,
ESTAT:APRO_MT_LSPIG(1.0),27/06/22 23:00:00,A,A3100,M12,THS_HD,CH,2006,1634.80,
ESTAT:APRO_MT_LSPIG(1.0),27/06/22 23:00:00,A,A3100,M12,THS_HD,CH,2007,1573.09,
ESTAT:APRO_MT_LSPIG(1.0),27/06/22 23:00:00,A,A3100,M12,THS_HD,CH,2008,1540.13,
ESTAT:APRO_MT_LSPIG(1.0),27/06/22 23:00:00,A,A3100,M12,THS_HD,CH,2009,1557.20,
ESTAT:APRO_MT_LSPIG(1.0),27/06/22 23:00:00,A,A3100,M12,THS_HD,CH,2010,1589.00,
ESTAT:APRO_MT_LSPIG(1.0),27/06/22 23:00:00,A,A3100,M12,THS_HD,CH,2011,1578.69,
ESTAT:APRO_MT_LSPIG(1.0),27/06/22 23:00:00,A,A3100,M12,THS_HD,CH,2012,1544.02,
ESTAT:APRO_MT_LSPIG(1.0),27/06/22 23:00:00,A,A3100,M12,THS_HD,CH,2013,1484.73,
ESTAT:APRO_MT_LSPIG(1.0),27/06/22 23:00:00,A,A3100,M12,THS_HD,CH,2014,1498.32,
ESTAT:APRO_MT_LSPIG(1.0),27/06/22 23:00:00,A,A3100,M12,THS_HD,CH,2015,1494.13,
ESTAT:APRO_MT_LSPIG(1.0),27/06/22 23:00:00,A,A3100,M12,THS_HD,CH,2016,1442.33,
ESTAT:APRO_MT_LSPIG(1.0),27/06/22 23:00:00,A,A3100,M12,THS_HD,CH,2017,1419.20,
ESTAT:APRO_MT_LSPIG(1.0),27/06/22 23:00:00,A,A3100,M12,THS_HD,CH,2018,1393.19,
ESTAT:APRO_MT_LSPIG(1.0),27/06/22 23:00:00,A,A3100,M12,THS_HD,CH,2019,1354.03,
ESTAT:APRO_MT_LSPIG(1.0),27/06/22 23:00:00,A,A3100,M12,THS_HD,CH,2020,1315.10,
ESTAT:APRO_MT_LSPIG(1.0),27/06/22 23:00:00,A,A3100,M12,THS_HD,CY,1987,266.00,
ESTAT:APRO_MT_LSPIG(1.0),27/06/22 23:00:00,A,A3100,M12,THS_HD,CY,1988,284.00,
ESTAT:APRO_MT_LSPIG(1.0),27/06/22 23:00:00,A,A3100,M12,THS_HD,CY,1989,281.00,
ESTAT:APRO_MT_LSPIG(1.0),27/06/22 23:00:00,A,A3100,M12,THS_HD,CY,1990,277.94,
ESTAT:APRO_MT_LSPIG(1.0),27/06/22 23:00:00,A,A3100,M12,THS_HD,CY,1991,296.23,
ESTAT:APRO_MT_LSPIG(1.0),27/06/22 23:00:00,A,A3100,M12,THS_HD,CY,1992,341.95,
ESTAT:APRO_MT_LSPIG(1.0),27/06/22 23:00:00,A,A3100,M12,THS_HD,CY,1993,369.41,
ESTAT:APRO_MT_LSPIG(1.0),27/06/22 23:00:00,A,A3100,M12,THS_HD,CY,1994,356.21,
ESTAT:APRO_MT_LSPIG(1.0),27/06/22 23:00:00,A,A3100,M12,THS_HD,CY,1995,374.07,
ESTAT:APRO_MT_LSPIG(1.0),27/06/22 23:00:00,A,A3100,M12,THS_HD,CY,1996,399.53,
ESTAT:APRO_MT_LSPIG(1.0),27/06/22 23:00:00,A,A3100,M12,THS_HD,CY,1997,414.79,
ESTAT:APRO_MT_LSPIG(1.0),27/06/22 23:00:00,A,A3100,M12,THS_HD,CY,1998,436.40,
ESTAT:APRO_MT_LSPIG(1.0),27/06/22 23:00:00,A,A3100,M12,THS_HD,CY,1999,425.19,
ESTAT:APRO_MT_LSPIG(1.0),27/06/22 23:00:00,A,A3100,M12,THS_HD,CY,2000,413.81,
ESTAT:APRO_MT_LSPIG(1.0),27/06/22 23:00:00,A,A3100,M12,THS_HD,CY,2001,450.98,
ESTAT:APRO_MT_LSPIG(1.0),27/06/22 23:00:00,A,A3100,M12,THS_HD,CY,2002,490.82,
ESTAT:APRO_MT_LSPIG(1.0),27/06/22 23:00:00,A,A3100,M12,THS_HD,CY,2003,488.10,
ESTAT:APRO_MT_LSPIG(1.0),27/06/22 23:00:00,A,A3100,M12,THS_HD,CY,2004,470.50,
ESTAT:APRO_MT_LSPIG(1.0),27/06/22 23:00:00,A,A3100,M12,THS_HD,CY,2005,429.72,
ESTAT:APRO_MT_LSPIG(1.0),27/06/22 23:00:00,A,A3100,M12,THS_HD,CY,2006,452.64,
ESTAT:APRO_MT_LSPIG(1.0),27/06/22 23:00:00,A,A3100,M12,THS_HD,CY,2007,467.06,
ESTAT:APRO_MT_LSPIG(1.0),27/06/22 23:00:00,A,A3100,M12,THS_HD,CY,2008,464.93,
ESTAT:APRO_MT_LSPIG(1.0),27/06/22 23:00:00,A,A3100,M12,THS_HD,CY,2009,464.08,
ESTAT:APRO_MT_LSPIG(1.0),27/06/22 23:00:00,A,A3100,M12,THS_HD,CY,2010,463.73,
ESTAT:APRO_MT_LSPIG(1.0),27/06/22 23:00:00,A,A3100,M12,THS_HD,CY,2011,439.24,
ESTAT:APRO_MT_LSPIG(1.0),27/06/22 23:00:00,A,A3100,M12,THS_HD,CY,2012,395.21,
ESTAT:APRO_MT_LSPIG(1.0),27/06/22 23:00:00,A,A3100,M12,THS_HD,CY,2013,357.90,
ESTAT:APRO_MT_LSPIG(1.0),27/06/22 23:00:00,A,A3100,M12,THS_HD,CY,2014,342.07,
ESTAT:APRO_MT_LSPIG(1.0),27/06/22 23:00:00,A,A3100,M12,THS_HD,CY,2015,358.06,
ESTAT:APRO_MT_LSPIG(1.0),27/06/22 23:00:00,A,A3100,M12,THS_HD,CY,2016,352.61,
ESTAT:APRO_MT_LSPIG(1.0),27/06/22 23:00:00,A,A3100,M12,THS_HD,CY,2017,350.16,
ESTAT:APRO_MT_LSPIG(1.0),27/06/22 23:00:00,A,A3100,M12,THS_HD,CY,2018,362.05,
ESTAT:APRO_MT_LSPIG(1.0),27/06/22 23:00:00,A,A3100,M12,THS_HD,CY,2019,351.76,
ESTAT:APRO_MT_LSPIG(1.0),27/06/22 23:00:00,A,A3100,M12,THS_HD,CY,2020,359.06,
ESTAT:APRO_MT_LSPIG(1.0),27/06/22 23:00:00,A,A3100,M12,THS_HD,CY,2021,360.68,
ESTAT:APRO_MT_LSPIG(1.0),27/06/22 23:00:00,A,A3100,M12,THS_HD,CZ,1987,4618.00,
ESTAT:APRO_MT_LSPIG(1.0),27/06/22 23:00:00,A,A3100,M12,THS_HD,CZ,1988,4686.00,
ESTAT:APRO_MT_LSPIG(1.0),27/06/22 23:00:00,A,A3100,M12,THS_HD,CZ,1989,4790.00,
ESTAT:APRO_MT_LSPIG(1.0),27/06/22 23:00:00,A,A3100,M12,THS_HD,CZ,1990,4569.00,
ESTAT:APRO_MT_LSPIG(1.0),27/06/22 23:00:00,A,A3100,M12,THS_HD,CZ,1991,4609.00,
ESTAT:APRO_MT_LSPIG(1.0),27/06/22 23:00:00,A,A3100,M12,THS_HD,CZ,1992,4599.00,
ESTAT:APRO_MT_LSPIG(1.0),27/06/22 23:00:00,A,A3100,M12,THS_HD,CZ,1993,4071.00,
ESTAT:APRO_MT_LSPIG(1.0),27/06/22 23:00:00,A,A3100,M12,THS_HD,CZ,1994,3867.00,
ESTAT:APRO_MT_LSPIG(1.0),27/06/22 23:00:00,A,A3100,M12,THS_HD,CZ,1995,4016.00,
ESTAT:APRO_MT_LSPIG(1.0),27/06/22 23:00:00,A,A3100,M12,THS_HD,CZ,1996,4080.00,
ESTAT:APRO_MT_LSPIG(1.0),27/06/22 23:00:00,A,A3100,M12,THS_HD,CZ,1997,4013.00,
ESTAT:APRO_MT_LSPIG(1.0),27/06/22 23:00:00,A,A3100,M12,THS_HD,CZ,1998,4001.00,
ESTAT:APRO_MT_LSPIG(1.0),27/06/22 23:00:00,A,A3100,M12,THS_HD,CZ,1999,3688.00,
ESTAT:APRO_MT_LSPIG(1.0),27/06/22 23:00:00,A,A3100,M12,THS_HD,CZ,2000,3594.00,
ESTAT:APRO_MT_LSPIG(1.0),27/06/22 23:00:00,A,A3100,M12,THS_HD,CZ,2001,3441.00,
ESTAT:APRO_MT_LSPIG(1.0),27/06/22 23:00:00,A,A3100,M12,THS_HD,CZ,2002,3429.00,
ESTAT:APRO_MT_LSPIG(1.0),27/06/22 23:00:00,A,A3100,M12,THS_HD,CZ,2003,3309.00,
ESTAT:APRO_MT_LSPIG(1.0),27/06/22 23:00:00,A,A3100,M12,THS_HD,CZ,2004,2915.00,
ESTAT:APRO_MT_LSPIG(1.0),27/06/22 23:00:00,A,A3100,M12,THS_HD,CZ,2005,2719.00,
ESTAT:APRO_MT_LSPIG(1.0),27/06/22 23:00:00,A,A3100,M12,THS_HD,CZ,2006,2741.30,
ESTAT:APRO_MT_LSPIG(1.0),27/06/22 23:00:00,A,A3100,M12,THS_HD,CZ,2007,2661.84,
ESTAT:APRO_MT_LSPIG(1.0),27/06/22 23:00:00,A,A3100,M12,THS_HD,CZ,2008,2135.00,
ESTAT:APRO_MT_LSPIG(1.0),27/06/22 23:00:00,A,A3100,M12,THS_HD,CZ,2009,1913.71,
ESTAT:APRO_MT_LSPIG(1.0),27/06/22 23:00:00,A,A3100,M12,THS_HD,CZ,2010,1845.95,
ESTAT:APRO_MT_LSPIG(1.0),27/06/22 23:00:00,A,A3100,M12,THS_HD,CZ,2011,1487.25,
ESTAT:APRO_MT_LSPIG(1.0),27/06/22 23:00:00,A,A3100,M12,THS_HD,CZ,2012,1533.81,
ESTAT:APRO_MT_LSPIG(1.0),27/06/22 23:00:00,A,A3100,M12,THS_HD,CZ,2013,1547.69,
ESTAT:APRO_MT_LSPIG(1.0),27/06/22 23:00:00,A,A3100,M12,THS_HD,CZ,2014,1606.86,
ESTAT:APRO_MT_LSPIG(1.0),27/06/22 23:00:00,A,A3100,M12,THS_HD,CZ,2015,1555.40,
ESTAT:APRO_MT_LSPIG(1.0),27/06/22 23:00:00,A,A3100,M12,THS_HD,CZ,2016,1479.28,
ESTAT:APRO_MT_LSPIG(1.0),27/06/22 23:00:00,A,A3100,M12,THS_HD,CZ,2017,1531.69,
ESTAT:APRO_MT_LSPIG(1.0),27/06/22 23:00:00,A,A3100,M12,THS_HD,CZ,2018,1507.58,
ESTAT:APRO_MT_LSPIG(1.0),27/06/22 23:00:00,A,A3100,M12,THS_HD,CZ,2019,1508.91,
ESTAT:APRO_MT_LSPIG(1.0),27/06/22 23:00:00,A,A3100,M12,THS_HD,CZ,2020,1546.02,
ESTAT:APRO_MT_LSPIG(1.0),27/06/22 23:00:00,A,A3100,M12,THS_HD,CZ,2021,1493.44,
ESTAT:APRO_MT_LSPIG(1.0),27/06/22 23:00:00,A,A3100,M12,THS_HD,DE,1991,26063.40,
ESTAT:APRO_MT_LSPIG(1.0),27/06/22 23:00:00,A,A3100,M12,THS_HD,DE,1992,26514.41,
ESTAT:APRO_MT_LSPIG(1.0),27/06/22 23:00:00,A,A3100,M12,THS_HD,DE,1993,26075.16,
ESTAT:APRO_MT_LSPIG(1.0),27/06/22 23:00:00,A,A3100,M12,THS_HD,DE,1994,24698.12,
ESTAT:APRO_MT_LSPIG(1.0),27/06/22 23:00:00,A,A3100,M12,THS_HD,DE,1995,23736.57,
ESTAT:APRO_MT_LSPIG(1.0),27/06/22 23:00:00,A,A3100,M12,THS_HD,DE,1996,24282.98,
ESTAT:APRO_MT_LSPIG(1.0),27/06/22 23:00:00,A,A3100,M12,THS_HD,DE,1997,24795.25,
ESTAT:APRO_MT_LSPIG(1.0),27/06/22 23:00:00,A,A3100,M12,THS_HD,DE,1998,26293.99,
ESTAT:APRO_MT_LSPIG(1.0),27/06/22 23:00:00,A,A3100,M12,THS_HD,DE,1999,26001.46,
ESTAT:APRO_MT_LSPIG(1.0),27/06/22 23:00:00,A,A3100,M12,THS_HD,DE,2000,25766.83,
ESTAT:APRO_MT_LSPIG(1.0),27/06/22 23:00:00,A,A3100,M12,THS_HD,DE,2001,25957.76,
ESTAT:APRO_MT_LSPIG(1.0),27/06/22 23:00:00,A,A3100,M12,THS_HD,DE,2002,26251.49,
ESTAT:APRO_MT_LSPIG(1.0),27/06/22 23:00:00,A,A3100,M12,THS_HD,DE,2003,26495.30,
ESTAT:APRO_MT_LSPIG(1.0),27/06/22 23:00:00,A,A3100,M12,THS_HD,DE,2004,26334.80,
ESTAT:APRO_MT_LSPIG(1.0),27/06/22 23:00:00,A,A3100,M12,THS_HD,DE,2005,26989.05,
ESTAT:APRO_MT_LSPIG(1.0),27/06/22 23:00:00,A,A3100,M12,THS_HD,DE,2006,26820.60,
ESTAT:APRO_MT_LSPIG(1.0),27/06/22 23:00:00,A,A3100,M12,THS_HD,DE,2007,27113.01,
ESTAT:APRO_MT_LSPIG(1.0),27/06/22 23:00:00,A,A3100,M12,THS_HD,DE,2008,26718.62,
ESTAT:APRO_MT_LSPIG(1.0),27/06/22 23:00:00,A,A3100,M12,THS_HD,DE,2009,26841.01,
ESTAT:APRO_MT_LSPIG(1.0),27/06/22 23:00:00,A,A3100,M12,THS_HD,DE,2010,26900.83,
ESTAT:APRO_MT_LSPIG(1.0),27/06/22 23:00:00,A,A3100,M12,THS_HD,DE,2011,27402.49,
ESTAT:APRO_MT_LSPIG(1.0),27/06/22 23:00:00,A,A3100,M12,THS_HD,DE,2012,28331.41,
ESTAT:APRO_MT_LSPIG(1.0),27/06/22 23:00:00,A,A3100,M12,THS_HD,DE,2013,28133.26,
ESTAT:APRO_MT_LSPIG(1.0),27/06/22 23:00:00,A,A3100,M12,THS_HD,DE,2014,28338.99,
ESTAT:APRO_MT_LSPIG(1.0),27/06/22 23:00:00,A,A3100,M12,THS_HD,DE,2015,27652.42,
ESTAT:APRO_MT_LSPIG(1.0),27/06/22 23:00:00,A,A3100,M12,THS_HD,DE,2016,27376.06,
ESTAT:APRO_MT_LSPIG(1.0),27/06/22 23:00:00,A,A3100,M12,THS_HD,DE,2017,27577.57,
ESTAT:APRO_MT_LSPIG(1.0),27/06/22 23:00:00,A,A3100,M12,THS_HD,DE,2018,26445.40,
ESTAT:APRO_MT_LSPIG(1.0),27/06/22 23:00:00,A,A3100,M12,THS_HD,DE,2019,26053.40,
ESTAT:APRO_MT_LSPIG(1.0),27/06/22 23:00:00,A,A3100,M12,THS_HD,DE,2020,26069.90,
ESTAT:APRO_MT_LSPIG(1.0),27/06/22 23:00:00,A,A3100,M12,THS_HD,DE,2021,23762.30,
ESTAT:APRO_MT_LSPIG(1.0),27/06/22 23:00:00,A,A3100,M12,THS_HD,DK,1973,8364.00,
ESTAT:APRO_MT_LSPIG(1.0),27/06/22 23:00:00,A,A3100,M12,THS_HD,DK,1974,8058.00,
ESTAT:APRO_MT_LSPIG(1.0),27/06/22 23:00:00,A,A3100,M12,THS_HD,DK,1975,7597.00,
ESTAT:APRO_MT_LSPIG(1.0),27/06/22 23:00:00,A,A3100,M12,THS_HD,DK,1976,7918.00,
ESTAT:APRO_MT_LSPIG(1.0),27/06/22 23:00:00,A,A3100,M12,THS_HD,DK,1977,8290.00,
ESTAT:APRO_MT_LSPIG(1.0),27/06/22 23:00:00,A,A3100,M12,THS_HD,DK,1978,9184.00,
ESTAT:APRO_MT_LSPIG(1.0),27/06/22 23:00:00,A,A3100,M12,THS_HD,DK,1979,9566.00,
ESTAT:APRO_MT_LSPIG(1.0),27/06/22 23:00:00,A,A3100,M12,THS_HD,DK,1980,9696.00,
ESTAT:APRO_MT_LSPIG(1.0),27/06/22 23:00:00,A,A3100,M12,THS_HD,DK,1981,9785.00,
ESTAT:APRO_MT_LSPIG(1.0),27/06/22 23:00:00,A,A3100,M12,THS_HD,DK,1982,9504.00,
ESTAT:APRO_MT_LSPIG(1.0),27/06/22 23:00:00,A,A3100,M12,THS_HD,DK,1983,9016.00,
ESTAT:APRO_MT_LSPIG(1.0),27/06/22 23:00:00,A,A3100,M12,THS_HD,DK,1984,8960.00,
ESTAT:APRO_MT_LSPIG(1.0),27/06/22 23:00:00,A,A3100,M12,THS_HD,DK,1985,9104.00,
ESTAT:APRO_MT_LSPIG(1.0),27/06/22 23:00:00,A,A3100,M12,THS_HD,DK,1986,9422.00,
ESTAT:APRO_MT_LSPIG(1.0),27/06/22 23:00:00,A,A3100,M12,THS_HD,DK,1987,9048.00,
ESTAT:APRO_MT_LSPIG(1.0),27/06/22 23:00:00,A,A3100,M12,THS_HD,DK,1988,9105.00,
ESTAT:APRO_MT_LSPIG(1.0),27/06/22 23:00:00,A,A3100,M12,THS_HD,DK,1989,9120.00,
ESTAT:APRO_MT_LSPIG(1.0),27/06/22 23:00:00,A,A3100,M12,THS_HD,DK,1990,9282.00,
ESTAT:APRO_MT_LSPIG(1.0),27/06/22 23:00:00,A,A3100,M12,THS_HD,DK,1991,9767.00,
ESTAT:APRO_MT_LSPIG(1.0),27/06/22 23:00:00,A,A3100,M12,THS_HD,DK,1992,10345.00,
ESTAT:APRO_MT_LSPIG(1.0),27/06/22 23:00:00,A,A3100,M12,THS_HD,DK,1993,10870.00,
ESTAT:APRO_MT_LSPIG(1.0),27/06/22 23:00:00,A,A3100,M12,THS_HD,DK,1994,10864.00,
ESTAT:APRO_MT_LSPIG(1.0),27/06/22 23:00:00,A,A3100,M12,THS_HD,DK,1995,10709.00,
ESTAT:APRO_MT_LSPIG(1.0),27/06/22 23:00:00,A,A3100,M12,THS_HD,DK,1996,11079.00,
ESTAT:APRO_MT_LSPIG(1.0),27/06/22 23:00:00,A,A3100,M12,THS_HD,DK,1997,11494.00,
ESTAT:APRO_MT_LSPIG(1.0),27/06/22 23:00:00,A,A3100,M12,THS_HD,DK,1998,11991.00,
ESTAT:APRO_MT_LSPIG(1.0),27/06/22 23:00:00,A,A3100,M12,THS_HD,DK,1999,11914.00,
ESTAT:APRO_MT_LSPIG(1.0),27/06/22 23:00:00,A,A3100,M12,THS_HD,DK,2000,12642.00,
ESTAT:APRO_MT_LSPIG(1.0),27/06/22 23:00:00,A,A3100,M12,THS_HD,DK,2001,12975.00,
ESTAT:APRO_MT_LSPIG(1.0),27/06/22 23:00:00,A,A3100,M12,THS_HD,DK,2002,12879.00,
ESTAT:APRO_MT_LSPIG(1.0),27/06/22 23:00:00,A,A3100,M12,THS_HD,DK,2003,12969.00,
ESTAT:APRO_MT_LSPIG(1.0),27/06/22 23:00:00,A,A3100,M12,THS_HD,DK,2004,13407.00,
ESTAT:APRO_MT_LSPIG(1.0),27/06/22 23:00:00,A,A3100,M12,THS_HD,DK,2005,12604.00,
ESTAT:APRO_MT_LSPIG(1.0),27/06/22 23:00:00,A,A3100,M12,THS_HD,DK,2006,13613.00,
ESTAT:APRO_MT_LSPIG(1.0),27/06/22 23:00:00,A,A3100,M12,THS_HD,DK,2007,13170.00,
ESTAT:APRO_MT_LSPIG(1.0),27/06/22 23:00:00,A,A3100,M12,THS_HD,DK,2008,12195.00,
ESTAT:APRO_MT_LSPIG(1.0),27/06/22 23:00:00,A,A3100,M12,THS_HD,DK,2009,12873.00,
ESTAT:APRO_MT_LSPIG(1.0),27/06/22 23:00:00,A,A3100,M12,THS_HD,DK,2010,12293.00,
ESTAT:APRO_MT_LSPIG(1.0),27/06/22 23:00:00,A,A3100,M12,THS_HD,DK,2011,12348.00,
ESTAT:APRO_MT_LSPIG(1.0),27/06/22 23:00:00,A,A3100,M12,THS_HD,DK,2012,12281.00,
ESTAT:APRO_MT_LSPIG(1.0),27/06/22 23:00:00,A,A3100,M12,THS_HD,DK,2013,12402.00,
ESTAT:APRO_MT_LSPIG(1.0),27/06/22 23:00:00,A,A3100,M12,THS_HD,DK,2014,12709.00,
ESTAT:APRO_MT_LSPIG(1.0),27/06/22 23:00:00,A,A3100,M12,THS_HD,DK,2015,12702.00,
ESTAT:APRO_MT_LSPIG(1.0),27/06/22 23:00:00,A,A3100,M12,THS_HD,DK,2016,12281.00,
ESTAT:APRO_MT_LSPIG(1.0),27/06/22 23:00:00,A,A3100,M12,THS_HD,DK,2017,12832.00,
ESTAT:APRO_MT_LSPIG(1.0),27/06/22 23:00:00,A,A3100,M12,THS_HD,DK,2018,12642.00,
ESTAT:APRO_MT_LSPIG(1.0),27/06/22 23:00:00,A,A3100,M12,THS_HD,DK,2019,12728.00,
ESTAT:APRO_MT_LSPIG(1.0),27/06/22 23:00:00,A,A3100,M12,THS_HD,DK,2020,13391.00,
ESTAT:APRO_MT_LSPIG(1.0),27/06/22 23:00:00,A,A3100,M12,THS_HD,DK,2021,13152.00,
ESTAT:APRO_MT_LSPIG(1.0),27/06/22 23:00:00,A,A3100,M12,THS_HD,EE,1987,1083.50,
ESTAT:APRO_MT_LSPIG(1.0),27/06/22 23:00:00,A,A3100,M12,THS_HD,EE,1988,1099.40,
ESTAT:APRO_MT_LSPIG(1.0),27/06/22 23:00:00,A,A3100,M12,THS_HD,EE,1989,1080.40,
ESTAT:APRO_MT_LSPIG(1.0),27/06/22 23:00:00,A,A3100,M12,THS_HD,EE,1990,959.90,
ESTAT:APRO_MT_LSPIG(1.0),27/06/22 23:00:00,A,A3100,M12,THS_HD,EE,1991,798.60,
ESTAT:APRO_MT_LSPIG(1.0),27/06/22 23:00:00,A,A3100,M12,THS_HD,EE,1992,541.10,
ESTAT:APRO_MT_LSPIG(1.0),27/06/22 23:00:00,A,A3100,M12,THS_HD,EE,1993,424.30,
ESTAT:APRO_MT_LSPIG(1.0),27/06/22 23:00:00,A,A3100,M12,THS_HD,EE,1994,459.80,
ESTAT:APRO_MT_LSPIG(1.0),27/06/22 23:00:00,A,A3100,M12,THS_HD,EE,1995,448.80,
ESTAT:APRO_MT_LSPIG(1.0),27/06/22 23:00:00,A,A3100,M12,THS_HD,EE,1996,298.40,
ESTAT:APRO_MT_LSPIG(1.0),27/06/22 23:00:00,A,A3100,M12,THS_HD,EE,1997,306.30,
ESTAT:APRO_MT_LSPIG(1.0),27/06/22 23:00:00,A,A3100,M12,THS_HD,EE,1998,326.40,
ESTAT:APRO_MT_LSPIG(1.0),27/06/22 23:00:00,A,A3100,M12,THS_HD,EE,1999,285.70,
ESTAT:APRO_MT_LSPIG(1.0),27/06/22 23:00:00,A,A3100,M12,THS_HD,EE,2000,300.20,
ESTAT:APRO_MT_LSPIG(1.0),27/06/22 23:00:00,A,A3100,M12,THS_HD,EE,2001,345.00,
ESTAT:APRO_MT_LSPIG(1.0),27/06/22 23:00:00,A,A3100,M12,THS_HD,EE,2002,340.80,
ESTAT:APRO_MT_LSPIG(1.0),27/06/22 23:00:00,A,A3100,M12,THS_HD,EE,2003,344.60,
ESTAT:APRO_MT_LSPIG(1.0),27/06/22 23:00:00,A,A3100,M12,THS_HD,EE,2004,353.70,
ESTAT:APRO_MT_LSPIG(1.0),27/06/22 23:00:00,A,A3100,M12,THS_HD,EE,2005,351.60,
ESTAT:APRO_MT_LSPIG(1.0),27/06/22 23:00:00,A,A3100,M12,THS_HD,EE,2006,341.20,
ESTAT:APRO_MT_LSPIG(1.0),27/06/22 23:00:00,A,A3100,M12,THS_HD,EE,2007,374.70,
ESTAT:APRO_MT_LSPIG(1.0),27/06/22 23:00:00,A,A3100,M12,THS_HD,EE,2008,364.90,
ESTAT:APRO_MT_LSPIG(1.0),27/06/22 23:00:00,A,A3100,M12,THS_HD,EE,2009,365.10,
ESTAT:APRO_MT_LSPIG(1.0),27/06/22 23:00:00,A,A3100,M12,THS_HD,EE,2010,371.70,
ESTAT:APRO_MT_LSPIG(1.0),27/06/22 23:00:00,A,A3100,M12,THS_HD,EE,2011,365.70,
ESTAT:APRO_MT_LSPIG(1.0),27/06/22 23:00:00,A,A3100,M12,THS_HD,EE,2012,375.10,
ESTAT:APRO_MT_LSPIG(1.0),27/06/22 23:00:00,A,A3100,M12,THS_HD,EE,2013,358.70,
ESTAT:APRO_MT_LSPIG(1.0),27/06/22 23:00:00,A,A3100,M12,THS_HD,EE,2014,357.90,
ESTAT:APRO_MT_LSPIG(1.0),27/06/22 23:00:00,A,A3100,M12,THS_HD,EE,2015,304.50,
ESTAT:APRO_MT_LSPIG(1.0),27/06/22 23:00:00,A,A3100,M12,THS_HD,EE,2016,265.90,
ESTAT:APRO_MT_LSPIG(1.0),27/06/22 23:00:00,A,A3100,M12,THS_HD,EE,2017,289.10,
ESTAT:APRO_MT_LSPIG(1.0),27/06/22 23:00:00,A,A3100,M12,THS_HD,EE,2018,290.40,
ESTAT:APRO_MT_LSPIG(1.0),27/06/22 23:00:00,A,A3100,M12,THS_HD,EE,2019,301.60,
ESTAT:APRO_MT_LSPIG(1.0),27/06/22 23:00:00,A,A3100,M12,THS_HD,EE,2020,316.60,
ESTAT:APRO_MT_LSPIG(1.0),27/06/22 23:00:00,A,A3100,M12,THS_HD,EE,2021,308.00,
ESTAT:APRO_MT_LSPIG(1.0),27/06/22 23:00:00,A,A3100,M12,THS_HD,EL,1982,1218.00,
ESTAT:APRO_MT_LSPIG(1.0),27/06/22 23:00:00,A,A3100,M12,THS_HD,EL,1983,1167.95,
ESTAT:APRO_MT_LSPIG(1.0),27/06/22 23:00:00,A,A3100,M12,THS_HD,EL,1984,1115.27,
ESTAT:APRO_MT_LSPIG(1.0),27/06/22 23:00:00,A,A3100,M12,THS_HD,EL,1985,1095.10,
ESTAT:APRO_MT_LSPIG(1.0),27/06/22 23:00:00,A,A3100,M12,THS_HD,EL,1986,1130.00,
ESTAT:APRO_MT_LSPIG(1.0),27/06/22 23:00:00,A,A3100,M12,THS_HD,EL,1987,1139.00,
ESTAT:APRO_MT_LSPIG(1.0),27/06/22 23:00:00,A,A3100,M12,THS_HD,EL,1988,1226.42,
ESTAT:APRO_MT_LSPIG(1.0),27/06/22 23:00:00,A,A3100,M12,THS_HD,EL,1989,1160.00,
ESTAT:APRO_MT_LSPIG(1.0),27/06/22 23:00:00,A,A3100,M12,THS_HD,EL,1990,1143.00,
ESTAT:APRO_MT_LSPIG(1.0),27/06/22 23:00:00,A,A3100,M12,THS_HD,EL,1991,975.00,
ESTAT:APRO_MT_LSPIG(1.0),27/06/22 23:00:00,A,A3100,M12,THS_HD,EL,1992,1099.00,
ESTAT:APRO_MT_LSPIG(1.0),27/06/22 23:00:00,A,A3100,M12,THS_HD,EL,1993,1143.00,
ESTAT:APRO_MT_LSPIG(1.0),27/06/22 23:00:00,A,A3100,M12,THS_HD,EL,1994,951.00,
ESTAT:APRO_MT_LSPIG(1.0),27/06/22 23:00:00,A,A3100,M12,THS_HD,EL,1995,917.00,
ESTAT:APRO_MT_LSPIG(1.0),27/06/22 23:00:00,A,A3100,M12,THS_HD,EL,1996,904.00,
ESTAT:APRO_MT_LSPIG(1.0),27/06/22 23:00:00,A,A3100,M12,THS_HD,EL,1997,939.00,
ESTAT:APRO_MT_LSPIG(1.0),27/06/22 23:00:00,A,A3100,M12,THS_HD,EL,1998,905.00,
ESTAT:APRO_MT_LSPIG(1.0),27/06/22 23:00:00,A,A3100,M12,THS_HD,EL,1999,969.00,
ESTAT:APRO_MT_LSPIG(1.0),27/06/22 23:00:00,A,A3100,M12,THS_HD,EL,2000,936.00,
ESTAT:APRO_MT_LSPIG(1.0),27/06/22 23:00:00,A,A3100,M12,THS_HD,EL,2001,861.00,
ESTAT:APRO_MT_LSPIG(1.0),27/06/22 23:00:00,A,A3100,M12,THS_HD,EL,2002,1027.00,
ESTAT:APRO_MT_LSPIG(1.0),27/06/22 23:00:00,A,A3100,M12,THS_HD,EL,2003,993.00,
ESTAT:APRO_MT_LSPIG(1.0),27/06/22 23:00:00,A,A3100,M12,THS_HD,EL,2004,994.00,
ESTAT:APRO_MT_LSPIG(1.0),27/06/22 23:00:00,A,A3100,M12,THS_HD,EL,2005,952.05,
ESTAT:APRO_MT_LSPIG(1.0),27/06/22 23:00:00,A,A3100,M12,THS_HD,EL,2006,1033.33,
ESTAT:APRO_MT_LSPIG(1.0),27/06/22 23:00:00,A,A3100,M12,THS_HD,EL,2007,1038.00,
ESTAT:APRO_MT_LSPIG(1.0),27/06/22 23:00:00,A,A3100,M12,THS_HD,EL,2008,1061.00,
ESTAT:APRO_MT_LSPIG(1.0),27/06/22 23:00:00,A,A3100,M12,THS_HD,EL,2009,1073.00,
ESTAT:APRO_MT_LSPIG(1.0),27/06/22 23:00:00,A,A3100,M12,THS_HD,EL,2010,1087.00,
ESTAT:APRO_MT_LSPIG(1.0),27/06/22 23:00:00,A,A3100,M12,THS_HD,EL,2011,1120.00,
ESTAT:APRO_MT_LSPIG(1.0),27/06/22 23:00:00,A,A3100,M12,THS_HD,EL,2012,1044.00,
ESTAT:APRO_MT_LSPIG(1.0),27/06/22 23:00:00,A,A3100,M12,THS_HD,EL,2013,1031.00,
ESTAT:APRO_MT_LSPIG(1.0),27/06/22 23:00:00,A,A3100,M12,THS_HD,EL,2014,1046.00,
ESTAT:APRO_MT_LSPIG(1.0),27/06/22 23:00:00,A,A3100,M12,THS_HD,EL,2015,877.00,
ESTAT:APRO_MT_LSPIG(1.0),27/06/22 23:00:00,A,A3100,M12,THS_HD,EL,2016,743.00,
ESTAT:APRO_MT_LSPIG(1.0),27/06/22 23:00:00,A,A3100,M12,THS_HD,EL,2017,744.00,
ESTAT:APRO_MT_LSPIG(1.0),27/06/22 23:00:00,A,A3100,M12,THS_HD,EL,2018,721.00,
ESTAT:APRO_MT_LSPIG(1.0),27/06/22 23:00:00,A,A3100,M12,THS_HD,EL,2019,733.00,
ESTAT:APRO_MT_LSPIG(1.0),27/06/22 23:00:00,A,A3100,M12,THS_HD,EL,2020,709.00,
ESTAT:APRO_MT_LSPIG(1.0),27/06/22 23:00:00,A,A3100,M12,THS_HD,EL,2021,733.00,
ESTAT:APRO_MT_LSPIG(1.0),27/06/22 23:00:00,A,A3100,M12,THS_HD,ES,1984,12695.42,
ESTAT:APRO_MT_LSPIG(1.0),27/06/22 23:00:00,A,A3100,M12,THS_HD,ES,1985,13280.33,
ESTAT:APRO_MT_LSPIG(1.0),27/06/22 23:00:00,A,A3100,M12,THS_HD,ES,1986,15731.32,
ESTAT:APRO_MT_LSPIG(1.0),27/06/22 23:00:00,A,A3100,M12,THS_HD,ES,1987,17228.00,
ESTAT:APRO_MT_LSPIG(1.0),27/06/22 23:00:00,A,A3100,M12,THS_HD,ES,1988,16215.59,
ESTAT:APRO_MT_LSPIG(1.0),27/06/22 23:00:00,A,A3100,M12,THS_HD,ES,1989,16849.65,
ESTAT:APRO_MT_LSPIG(1.0),27/06/22 23:00:00,A,A3100,M12,THS_HD,ES,1990,15948.93,
ESTAT:APRO_MT_LSPIG(1.0),27/06/22 23:00:00,A,A3100,M12,THS_HD,ES,1991,17208.86,
ESTAT:APRO_MT_LSPIG(1.0),27/06/22 23:00:00,A,A3100,M12,THS_HD,ES,1992,18219.35,
ESTAT:APRO_MT_LSPIG(1.0),27/06/22 23:00:00,A,A3100,M12,THS_HD,ES,1993,18188.15,
ESTAT:APRO_MT_LSPIG(1.0),27/06/22 23:00:00,A,A3100,M12,THS_HD,ES,1994,18295.52,
ESTAT:APRO_MT_LSPIG(1.0),27/06/22 23:00:00,A,A3100,M12,THS_HD,ES,1995,18125.00,
ESTAT:APRO_MT_LSPIG(1.0),27/06/22 23:00:00,A,A3100,M12,THS_HD,ES,1996,18572.00,
ESTAT:APRO_MT_LSPIG(1.0),27/06/22 23:00:00,A,A3100,M12,THS_HD,ES,1997,19480.00,
ESTAT:APRO_MT_LSPIG(1.0),27/06/22 23:00:00,A,A3100,M12,THS_HD,ES,1998,21562.00,
ESTAT:APRO_MT_LSPIG(1.0),27/06/22 23:00:00,A,A3100,M12,THS_HD,ES,1999,22418.00,
ESTAT:APRO_MT_LSPIG(1.0),27/06/22 23:00:00,A,A3100,M12,THS_HD,ES,2000,22149.31,
ESTAT:APRO_MT_LSPIG(1.0),27/06/22 23:00:00,A,A3100,M12,THS_HD,ES,2001,23857.78,
ESTAT:APRO_MT_LSPIG(1.0),27/06/22 23:00:00,A,A3100,M12,THS_HD,ES,2002,23517.74,
ESTAT:APRO_MT_LSPIG(1.0),27/06/22 23:00:00,A,A3100,M12,THS_HD,ES,2003,24097.54,
ESTAT:APRO_MT_LSPIG(1.0),27/06/22 23:00:00,A,A3100,M12,THS_HD,ES,2004,24894.96,
ESTAT:APRO_MT_LSPIG(1.0),27/06/22 23:00:00,A,A3100,M12,THS_HD,ES,2005,24888.88,
ESTAT:APRO_MT_LSPIG(1.0),27/06/22 23:00:00,A,A3100,M12,THS_HD,ES,2006,26218.71,
ESTAT:APRO_MT_LSPIG(1.0),27/06/22 23:00:00,A,A3100,M12,THS_HD,ES,2007,26061.23,
ESTAT:APRO_MT_LSPIG(1.0),27/06/22 23:00:00,A,A3100,M12,THS_HD,ES,2008,26289.62,
ESTAT:APRO_MT_LSPIG(1.0),27/06/22 23:00:00,A,A3100,M12,THS_HD,ES,2009,25342.61,
ESTAT:APRO_MT_LSPIG(1.0),27/06/22 23:00:00,A,A3100,M12,THS_HD,ES,2010,25704.04,
ESTAT:APRO_MT_LSPIG(1.0),27/06/22 23:00:00,A,A3100,M12,THS_HD,ES,2011,25634.87,
ESTAT:APRO_MT_LSPIG(1.0),27/06/22 23:00:00,A,A3100,M12,THS_HD,ES,2012,25250.38,
ESTAT:APRO_MT_LSPIG(1.0),27/06/22 23:00:00,A,A3100,M12,THS_HD,ES,2013,25494.72,
ESTAT:APRO_MT_LSPIG(1.0),27/06/22 23:00:00,A,A3100,M12,THS_HD,ES,2014,26567.58,
ESTAT:APRO_MT_LSPIG(1.0),27/06/22 23:00:00,A,A3100,M12,THS_HD,ES,2015,28367.34,
ESTAT:APRO_MT_LSPIG(1.0),27/06/22 23:00:00,A,A3100,M12,THS_HD,ES,2016,29231.60,
ESTAT:APRO_MT_LSPIG(1.0),27/06/22 23:00:00,A,A3100,M12,THS_HD,ES,2017,29971.36,
ESTAT:APRO_MT_LSPIG(1.0),27/06/22 23:00:00,A,A3100,M12,THS_HD,ES,2018,30804.10,p
ESTAT:APRO_MT_LSPIG(1.0),27/06/22 23:00:00,A,A3100,M12,THS_HD,ES,2019,31246.04,
ESTAT:APRO_MT_LSPIG(1.0),27/06/22 23:00:00,A,A3100,M12,THS_HD,ES,2020,32796.07,p
ESTAT:APRO_MT_LSPIG(1.0),27/06/22 23:00:00,A,A3100,M12,THS_HD,ES,2021,34454.09,p
ESTAT:APRO_MT_LSPIG(1.0),27/06/22 23:00:00,A,A3100,M12,THS_HD,FI,1994,1295.10,
ESTAT:APRO_MT_LSPIG(1.0),27/06/22 23:00:00,A,A3100,M12,THS_HD,FI,1995,1394.00,
ESTAT:APRO_MT_LSPIG(1.0),27/06/22 23:00:00,A,A3100,M12,THS_HD,FI,1996,1413.40,
ESTAT:APRO_MT_LSPIG(1.0),27/06/22 23:00:00,A,A3100,M12,THS_HD,FI,1997,1443.90,
ESTAT:APRO_MT_LSPIG(1.0),27/06/22 23:00:00,A,A3100,M12,THS_HD,FI,1998,1540.70,
ESTAT:APRO_MT_LSPIG(1.0),27/06/22 23:00:00,A,A3100,M12,THS_HD,FI,1999,1492.80,
ESTAT:APRO_MT_LSPIG(1.0),27/06/22 23:00:00,A,A3100,M12,THS_HD,FI,2000,1455.50,
ESTAT:APRO_MT_LSPIG(1.0),27/06/22 23:00:00,A,A3100,M12,THS_HD,FI,2001,1453.80,
ESTAT:APRO_MT_LSPIG(1.0),27/06/22 23:00:00,A,A3100,M12,THS_HD,FI,2002,1422.80,
ESTAT:APRO_MT_LSPIG(1.0),27/06/22 23:00:00,A,A3100,M12,THS_HD,FI,2003,1394.20,
ESTAT:APRO_MT_LSPIG(1.0),27/06/22 23:00:00,A,A3100,M12,THS_HD,FI,2004,1435.00,
ESTAT:APRO_MT_LSPIG(1.0),27/06/22 23:00:00,A,A3100,M12,THS_HD,FI,2005,1440.00,
ESTAT:APRO_MT_LSPIG(1.0),27/06/22 23:00:00,A,A3100,M12,THS_HD,FI,2006,1435.40,
ESTAT:APRO_MT_LSPIG(1.0),27/06/22 23:00:00,A,A3100,M12,THS_HD,FI,2007,1426.80,
ESTAT:APRO_MT_LSPIG(1.0),27/06/22 23:00:00,A,A3100,M12,THS_HD,FI,2008,1399.50,
ESTAT:APRO_MT_LSPIG(1.0),27/06/22 23:00:00,A,A3100,M12,THS_HD,FI,2009,1353.30,
ESTAT:APRO_MT_LSPIG(1.0),27/06/22 23:00:00,A,A3100,M12,THS_HD,FI,2010,1339.90,
ESTAT:APRO_MT_LSPIG(1.0),27/06/22 23:00:00,A,A3100,M12,THS_HD,FI,2011,1289.70,
ESTAT:APRO_MT_LSPIG(1.0),27/06/22 23:00:00,A,A3100,M12,THS_HD,FI,2012,1270.50,
ESTAT:APRO_MT_LSPIG(1.0),27/06/22 23:00:00,A,A3100,M12,THS_HD,FI,2013,1258.30,
ESTAT:APRO_MT_LSPIG(1.0),27/06/22 23:00:00,A,A3100,M12,THS_HD,FI,2014,1222.60,
ESTAT:APRO_MT_LSPIG(1.0),27/06/22 23:00:00,A,A3100,M12,THS_HD,FI,2015,1239.00,
ESTAT:APRO_MT_LSPIG(1.0),27/06/22 23:00:00,A,A3100,M12,THS_HD,FI,2016,1196.70,
ESTAT:APRO_MT_LSPIG(1.0),27/06/22 23:00:00,A,A3100,M12,THS_HD,FI,2017,1108.40,
ESTAT:APRO_MT_LSPIG(1.0),27/06/22 23:00:00,A,A3100,M12,THS_HD,FI,2018,1041.20,
ESTAT:APRO_MT_LSPIG(1.0),27/06/22 23:00:00,A,A3100,M12,THS_HD,FI,2019,1062.20,
ESTAT:APRO_MT_LSPIG(1.0),27/06/22 23:00:00,A,A3100,M12,THS_HD,FI,2020,1103.90,
ESTAT:APRO_MT_LSPIG(1.0),27/06/22 23:00:00,A,A3100,M12,THS_HD,FI,2021,1093.70,
ESTAT:APRO_MT_LSPIG(1.0),27/06/22 23:00:00,A,A3100,M12,THS_HD,FR,1969,10275.00,
ESTAT:APRO_MT_LSPIG(1.0),27/06/22 23:00:00,A,A3100,M12,THS_HD,FR,1970,11215.00,
ESTAT:APRO_MT_LSPIG(1.0),27/06/22 23:00:00,A,A3100,M12,THS_HD,FR,1971,11279.00,
ESTAT:APRO_MT_LSPIG(1.0),27/06/22 23:00:00,A,A3100,M12,THS_HD,FR,1972,11374.00,
ESTAT:APRO_MT_LSPIG(1.0),27/06/22 23:00:00,A,A3100,M12,THS_HD,FR,1973,11461.00,
ESTAT:APRO_MT_LSPIG(1.0),27/06/22 23:00:00,A,A3100,M12,THS_HD,FR,1974,12092.00,
ESTAT:APRO_MT_LSPIG(1.0),27/06/22 23:00:00,A,A3100,M12,THS_HD,FR,1975,11890.00,
ESTAT:APRO_MT_LSPIG(1.0),27/06/22 23:00:00,A,A3100,M12,THS_HD,FR,1976,11129.00,
ESTAT:APRO_MT_LSPIG(1.0),27/06/22 23:00:00,A,A3100,M12,THS_HD,FR,1977,10853.00,
ESTAT:APRO_MT_LSPIG(1.0),27/06/22 23:00:00,A,A3100,M12,THS_HD,FR,1978,10764.00,
ESTAT:APRO_MT_LSPIG(1.0),27/06/22 23:00:00,A,A3100,M12,THS_HD,FR,1979,11353.00,
ESTAT:APRO_MT_LSPIG(1.0),27/06/22 23:00:00,A,A3100,M12,THS_HD,FR,1980,11963.00,
ESTAT:APRO_MT_LSPIG(1.0),27/06/22 23:00:00,A,A3100,M12,THS_HD,FR,1981,11421.10,
ESTAT:APRO_MT_LSPIG(1.0),27/06/22 23:00:00,A,A3100,M12,THS_HD,FR,1982,11709.41,
ESTAT:APRO_MT_LSPIG(1.0),27/06/22 23:00:00,A,A3100,M12,THS_HD,FR,1983,11251.00,
ESTAT:APRO_MT_LSPIG(1.0),27/06/22 23:00:00,A,A3100,M12,THS_HD,FR,1984,10974.50,
ESTAT:APRO_MT_LSPIG(1.0),27/06/22 23:00:00,A,A3100,M12,THS_HD,FR,1985,10955.10,
ESTAT:APRO_MT_LSPIG(1.0),27/06/22 23:00:00,A,A3100,M12,THS_HD,FR,1986,12063.00,
ESTAT:APRO_MT_LSPIG(1.0),27/06/22 23:00:00,A,A3100,M12,THS_HD,FR,1987,11915.00,
ESTAT:APRO_MT_LSPIG(1.0),27/06/22 23:00:00,A,A3100,M12,THS_HD,FR,1988,11708.00,
ESTAT:APRO_MT_LSPIG(1.0),27/06/22 23:00:00,A,A3100,M12,THS_HD,FR,1989,12275.50,
ESTAT:APRO_MT_LSPIG(1.0),27/06/22 23:00:00,A,A3100,M12,THS_HD,FR,1990,12013.00,
ESTAT:APRO_MT_LSPIG(1.0),27/06/22 23:00:00,A,A3100,M12,THS_HD,FR,1991,12538.60,
ESTAT:APRO_MT_LSPIG(1.0),27/06/22 23:00:00,A,A3100,M12,THS_HD,FR,1992,13015.20,
ESTAT:APRO_MT_LSPIG(1.0),27/06/22 23:00:00,A,A3100,M12,THS_HD,FR,1993,14291.40,
ESTAT:APRO_MT_LSPIG(1.0),27/06/22 23:00:00,A,A3100,M12,THS_HD,FR,1994,14593.40,
ESTAT:APRO_MT_LSPIG(1.0),27/06/22 23:00:00,A,A3100,M12,THS_HD,FR,1995,14530.60,
ESTAT:APRO_MT_LSPIG(1.0),27/06/22 23:00:00,A,A3100,M12,THS_HD,FR,1996,14968.10,
ESTAT:APRO_MT_LSPIG(1.0),27/06/22 23:00:00,A,A3100,M12,THS_HD,FR,1997,15472.50,
ESTAT:APRO_MT_LSPIG(1.0),27/06/22 23:00:00,A,A3100,M12,THS_HD,FR,1998,15869.20,
ESTAT:APRO_MT_LSPIG(1.0),27/06/22 23:00:00,A,A3100,M12,THS_HD,FR,1999,15991.00,
ESTAT:APRO_MT_LSPIG(1.0),27/06/22 23:00:00,A,A3100,M12,THS_HD,FR,2000,15168.00,
ESTAT:APRO_MT_LSPIG(1.0),27/06/22 23:00:00,A,A3100,M12,THS_HD,FR,2001,15275.43,
ESTAT:APRO_MT_LSPIG(1.0),27/06/22 23:00:00,A,A3100,M12,THS_HD,FR,2002,15378.00,
ESTAT:APRO_MT_LSPIG(1.0),27/06/22 23:00:00,A,A3100,M12,THS_HD,FR,2003,15265.00,
ESTAT:APRO_MT_LSPIG(1.0),27/06/22 23:00:00,A,A3100,M12,THS_HD,FR,2004,15150.00,
ESTAT:APRO_MT_LSPIG(1.0),27/06/22 23:00:00,A,A3100,M12,THS_HD,FR,2005,15123.00,
ESTAT:APRO_MT_LSPIG(1.0),27/06/22 23:00:00,A,A3100,M12,THS_HD,FR,2006,15009.00,
ESTAT:APRO_MT_LSPIG(1.0),27/06/22 23:00:00,A,A3100,M12,THS_HD,FR,2007,14969.00,
ESTAT:APRO_MT_LSPIG(1.0),27/06/22 23:00:00,A,A3100,M12,THS_HD,FR,2008,14810.00,
ESTAT:APRO_MT_LSPIG(1.0),27/06/22 23:00:00,A,A3100,M12,THS_HD,FR,2009,14552.00,
ESTAT:APRO_MT_LSPIG(1.0),27/06/22 23:00:00,A,A3100,M12,THS_HD,FR,2010,14279.00,
ESTAT:APRO_MT_LSPIG(1.0),27/06/22 23:00:00,A,A3100,M12,THS_HD,FR,2011,13967.00,
ESTAT:APRO_MT_LSPIG(1.0),27/06/22 23:00:00,A,A3100,M12,THS_HD,FR,2012,13778.00,
ESTAT:APRO_MT_LSPIG(1.0),27/06/22 23:00:00,A,A3100,M12,THS_HD,FR,2013,13428.00,
ESTAT:APRO_MT_LSPIG(1.0),27/06/22 23:00:00,A,A3100,M12,THS_HD,FR,2014,13300.00,
ESTAT:APRO_MT_LSPIG(1.0),27/06/22 23:00:00,A,A3100,M12,THS_HD,FR,2015,13307.00,
ESTAT:APRO_MT_LSPIG(1.0),27/06/22 23:00:00,A,A3100,M12,THS_HD,FR,2016,12791.00,p
ESTAT:APRO_MT_LSPIG(1.0),27/06/22 23:00:00,A,A3100,M12,THS_HD,FR,2017,13353.00,
ESTAT:APRO_MT_LSPIG(1.0),27/06/22 23:00:00,A,A3100,M12,THS_HD,FR,2018,13713.00,
ESTAT:APRO_MT_LSPIG(1.0),27/06/22 23:00:00,A,A3100,M12,THS_HD,FR,2019,13510.00,
ESTAT:APRO_MT_LSPIG(1.0),27/06/22 23:00:00,A,A3100,M12,THS_HD,FR,2020,13393.00,
ESTAT:APRO_MT_LSPIG(1.0),27/06/22 23:00:00,A,A3100,M12,THS_HD,FR,2021,12941.00,
ESTAT:APRO_MT_LSPIG(1.0),27/06/22 23:00:00,A,A3100,M12,THS_HD,HR,2000,1233.55,
ESTAT:APRO_MT_LSPIG(1.0),27/06/22 23:00:00,A,A3100,M12,THS_HD,HR,2001,1233.82,
ESTAT:APRO_MT_LSPIG(1.0),27/06/22 23:00:00,A,A3100,M12,THS_HD,HR,2002,1286.50,
ESTAT:APRO_MT_LSPIG(1.0),27/06/22 23:00:00,A,A3100,M12,THS_HD,HR,2003,1346.66,
ESTAT:APRO_MT_LSPIG(1.0),27/06/22 23:00:00,A,A3100,M12,THS_HD,HR,2004,1489.34,
ESTAT:APRO_MT_LSPIG(1.0),27/06/22 23:00:00,A,A3100,M12,THS_HD,HR,2005,1204.96,
ESTAT:APRO_MT_LSPIG(1.0),27/06/22 23:00:00,A,A3100,M12,THS_HD,HR,2006,1488.49,
ESTAT:APRO_MT_LSPIG(1.0),27/06/22 23:00:00,A,A3100,M12,THS_HD,HR,2007,1348.34,
ESTAT:APRO_MT_LSPIG(1.0),27/06/22 23:00:00,A,A3100,M12,THS_HD,HR,2008,1103.90,
ESTAT:APRO_MT_LSPIG(1.0),27/06/22 23:00:00,A,A3100,M12,THS_HD,HR,2009,1249.90,
ESTAT:APRO_MT_LSPIG(1.0),27/06/22 23:00:00,A,A3100,M12,THS_HD,HR,2010,1230.70,
ESTAT:APRO_MT_LSPIG(1.0),27/06/22 23:00:00,A,A3100,M12,THS_HD,HR,2011,1233.40,
ESTAT:APRO_MT_LSPIG(1.0),27/06/22 23:00:00,A,A3100,M12,THS_HD,HR,2012,1182.00,
ESTAT:APRO_MT_LSPIG(1.0),27/06/22 23:00:00,A,A3100,M12,THS_HD,HR,2013,1110.00,
ESTAT:APRO_MT_LSPIG(1.0),27/06/22 23:00:00,A,A3100,M12,THS_HD,HR,2014,1156.00,
ESTAT:APRO_MT_LSPIG(1.0),27/06/22 23:00:00,A,A3100,M12,THS_HD,HR,2015,1167.00,
ESTAT:APRO_MT_LSPIG(1.0),27/06/22 23:00:00,A,A3100,M12,THS_HD,HR,2016,1163.00,
ESTAT:APRO_MT_LSPIG(1.0),27/06/22 23:00:00,A,A3100,M12,THS_HD,HR,2017,1121.00,
ESTAT:APRO_MT_LSPIG(1.0),27/06/22 23:00:00,A,A3100,M12,THS_HD,HR,2018,1049.00,
ESTAT:APRO_MT_LSPIG(1.0),27/06/22 23:00:00,A,A3100,M12,THS_HD,HR,2019,1022.00,
ESTAT:APRO_MT_LSPIG(1.0),27/06/22 23:00:00,A,A3100,M12,THS_HD,HR,2020,1033.00,
ESTAT:APRO_MT_LSPIG(1.0),27/06/22 23:00:00,A,A3100,M12,THS_HD,HR,2021,972.00,
ESTAT:APRO_MT_LSPIG(1.0),27/06/22 23:00:00,A,A3100,M12,THS_HD,HU,1987,8216.00,
ESTAT:APRO_MT_LSPIG(1.0),27/06/22 23:00:00,A,A3100,M12,THS_HD,HU,1988,8327.00,
ESTAT:APRO_MT_LSPIG(1.0),27/06/22 23:00:00,A,A3100,M12,THS_HD,HU,1989,7660.00,
ESTAT:APRO_MT_LSPIG(1.0),27/06/22 23:00:00,A,A3100,M12,THS_HD,HU,1990,8000.00,
ESTAT:APRO_MT_LSPIG(1.0),27/06/22 23:00:00,A,A3100,M12,THS_HD,HU,1991,5993.00,
ESTAT:APRO_MT_LSPIG(1.0),27/06/22 23:00:00,A,A3100,M12,THS_HD,HU,1992,5364.00,
ESTAT:APRO_MT_LSPIG(1.0),27/06/22 23:00:00,A,A3100,M12,THS_HD,HU,1993,5001.00,
ESTAT:APRO_MT_LSPIG(1.0),27/06/22 23:00:00,A,A3100,M12,THS_HD,HU,1994,4356.00,
ESTAT:APRO_MT_LSPIG(1.0),27/06/22 23:00:00,A,A3100,M12,THS_HD,HU,1995,5032.00,
ESTAT:APRO_MT_LSPIG(1.0),27/06/22 23:00:00,A,A3100,M12,THS_HD,HU,1996,5289.00,
ESTAT:APRO_MT_LSPIG(1.0),27/06/22 23:00:00,A,A3100,M12,THS_HD,HU,1997,4931.00,
ESTAT:APRO_MT_LSPIG(1.0),27/06/22 23:00:00,A,A3100,M12,THS_HD,HU,1998,5479.00,
ESTAT:APRO_MT_LSPIG(1.0),27/06/22 23:00:00,A,A3100,M12,THS_HD,HU,1999,5335.00,
ESTAT:APRO_MT_LSPIG(1.0),27/06/22 23:00:00,A,A3100,M12,THS_HD,HU,2000,4834.00,
ESTAT:APRO_MT_LSPIG(1.0),27/06/22 23:00:00,A,A3100,M12,THS_HD,HU,2001,4822.00,
ESTAT:APRO_MT_LSPIG(1.0),27/06/22 23:00:00,A,A3100,M12,THS_HD,HU,2002,5082.00,
ESTAT:APRO_MT_LSPIG(1.0),27/06/22 23:00:00,A,A3100,M12,THS_HD,HU,2003,4913.00,
ESTAT:APRO_MT_LSPIG(1.0),27/06/22 23:00:00,A,A3100,M12,THS_HD,HU,2004,4059.00,
ESTAT:APRO_MT_LSPIG(1.0),27/06/22 23:00:00,A,A3100,M12,THS_HD,HU,2005,3853.00,
ESTAT:APRO_MT_LSPIG(1.0),27/06/22 23:00:00,A,A3100,M12,THS_HD,HU,2006,3987.00,
ESTAT:APRO_MT_LSPIG(1.0),27/06/22 23:00:00,A,A3100,M12,THS_HD,HU,2007,3871.00,
ESTAT:APRO_MT_LSPIG(1.0),27/06/22 23:00:00,A,A3100,M12,THS_HD,HU,2008,3383.00,
ESTAT:APRO_MT_LSPIG(1.0),27/06/22 23:00:00,A,A3100,M12,THS_HD,HU,2009,3247.00,
ESTAT:APRO_MT_LSPIG(1.0),27/06/22 23:00:00,A,A3100,M12,THS_HD,HU,2010,3169.00,
ESTAT:APRO_MT_LSPIG(1.0),27/06/22 23:00:00,A,A3100,M12,THS_HD,HU,2011,3044.00,
ESTAT:APRO_MT_LSPIG(1.0),27/06/22 23:00:00,A,A3100,M12,THS_HD,HU,2012,2989.00,
ESTAT:APRO_MT_LSPIG(1.0),27/06/22 23:00:00,A,A3100,M12,THS_HD,HU,2013,3004.00,
ESTAT:APRO_MT_LSPIG(1.0),27/06/22 23:00:00,A,A3100,M12,THS_HD,HU,2014,3136.00,
ESTAT:APRO_MT_LSPIG(1.0),27/06/22 23:00:00,A,A3100,M12,THS_HD,HU,2015,3124.00,
ESTAT:APRO_MT_LSPIG(1.0),27/06/22 23:00:00,A,A3100,M12,THS_HD,HU,2016,2907.00,
ESTAT:APRO_MT_LSPIG(1.0),27/06/22 23:00:00,A,A3100,M12,THS_HD,HU,2017,2870.00,
ESTAT:APRO_MT_LSPIG(1.0),27/06/22 23:00:00,A,A3100,M12,THS_HD,HU,2018,2872.00,
ESTAT:APRO_MT_LSPIG(1.0),27/06/22 23:00:00,A,A3100,M12,THS_HD,HU,2019,2634.00,
ESTAT:APRO_MT_LSPIG(1.0),27/06/22 23:00:00,A,A3100,M12,THS_HD,HU,2020,2850.00,
ESTAT:APRO_MT_LSPIG(1.0),27/06/22 23:00:00,A,A3100,M12,THS_HD,HU,2021,2725.90,
ESTAT:APRO_MT_LSPIG(1.0),27/06/22 23:00:00,A,A3100,M12,THS_HD,IE,1973,1035.20,
ESTAT:APRO_MT_LSPIG(1.0),27/06/22 23:00:00,A,A3100,M12,THS_HD,IE,1974,796.30,
ESTAT:APRO_MT_LSPIG(1.0),27/06/22 23:00:00,A,A3100,M12,THS_HD,IE,1975,880.20,
ESTAT:APRO_MT_LSPIG(1.0),27/06/22 23:00:00,A,A3100,M12,THS_HD,IE,1976,972.00,
ESTAT:APRO_MT_LSPIG(1.0),27/06/22 23:00:00,A,A3100,M12,THS_HD,IE,1977,968.60,
ESTAT:APRO_MT_LSPIG(1.0),27/06/22 23:00:00,A,A3100,M12,THS_HD,IE,1978,1099.60,
ESTAT:APRO_MT_LSPIG(1.0),27/06/22 23:00:00,A,A3100,M12,THS_HD,IE,1979,1057.00,
ESTAT:APRO_MT_LSPIG(1.0),27/06/22 23:00:00,A,A3100,M12,THS_HD,IE,1980,1030.80,
ESTAT:APRO_MT_LSPIG(1.0),27/06/22 23:00:00,A,A3100,M12,THS_HD,IE,1981,1027.00,
ESTAT:APRO_MT_LSPIG(1.0),27/06/22 23:00:00,A,A3100,M12,THS_HD,IE,1982,1081.20,
ESTAT:APRO_MT_LSPIG(1.0),27/06/22 23:00:00,A,A3100,M12,THS_HD,IE,1983,1053.30,
ESTAT:APRO_MT_LSPIG(1.0),27/06/22 23:00:00,A,A3100,M12,THS_HD,IE,1984,1019.50,
ESTAT:APRO_MT_LSPIG(1.0),27/06/22 23:00:00,A,A3100,M12,THS_HD,IE,1985,994.20,
ESTAT:APRO_MT_LSPIG(1.0),27/06/22 23:00:00,A,A3100,M12,THS_HD,IE,1986,980.00,
ESTAT:APRO_MT_LSPIG(1.0),27/06/22 23:00:00,A,A3100,M12,THS_HD,IE,1987,960.10,
ESTAT:APRO_MT_LSPIG(1.0),27/06/22 23:00:00,A,A3100,M12,THS_HD,IE,1988,1014.50,
ESTAT:APRO_MT_LSPIG(1.0),27/06/22 23:00:00,A,A3100,M12,THS_HD,IE,1989,1110.10,
ESTAT:APRO_MT_LSPIG(1.0),27/06/22 23:00:00,A,A3100,M12,THS_HD,IE,1990,1249.10,
ESTAT:APRO_MT_LSPIG(1.0),27/06/22 23:00:00,A,A3100,M12,THS_HD,IE,1991,1345.50,
ESTAT:APRO_MT_LSPIG(1.0),27/06/22 23:00:00,A,A3100,M12,THS_HD,IE,1992,1422.60,
ESTAT:APRO_MT_LSPIG(1.0),27/06/22 23:00:00,A,A3100,M12,THS_HD,IE,1993,1486.70,
ESTAT:APRO_MT_LSPIG(1.0),27/06/22 23:00:00,A,A3100,M12,THS_HD,IE,1994,1498.33,
ESTAT:APRO_MT_LSPIG(1.0),27/06/22 23:00:00,A,A3100,M12,THS_HD,IE,1995,1542.43,
ESTAT:APRO_MT_LSPIG(1.0),27/06/22 23:00:00,A,A3100,M12,THS_HD,IE,1996,1664.56,
ESTAT:APRO_MT_LSPIG(1.0),27/06/22 23:00:00,A,A3100,M12,THS_HD,IE,1997,1716.96,
ESTAT:APRO_MT_LSPIG(1.0),27/06/22 23:00:00,A,A3100,M12,THS_HD,IE,1998,1800.88,
ESTAT:APRO_MT_LSPIG(1.0),27/06/22 23:00:00,A,A3100,M12,THS_HD,IE,1999,1762.94,
ESTAT:APRO_MT_LSPIG(1.0),27/06/22 23:00:00,A,A3100,M12,THS_HD,IE,2000,1731.48,
ESTAT:APRO_MT_LSPIG(1.0),27/06/22 23:00:00,A,A3100,M12,THS_HD,IE,2001,1777.76,
ESTAT:APRO_MT_LSPIG(1.0),27/06/22 23:00:00,A,A3100,M12,THS_HD,IE,2002,1796.86,
ESTAT:APRO_MT_LSPIG(1.0),27/06/22 23:00:00,A,A3100,M12,THS_HD,IE,2003,1731.05,
ESTAT:APRO_MT_LSPIG(1.0),27/06/22 23:00:00,A,A3100,M12,THS_HD,IE,2004,1754.35,
ESTAT:APRO_MT_LSPIG(1.0),27/06/22 23:00:00,A,A3100,M12,THS_HD,IE,2005,1670.77,
ESTAT:APRO_MT_LSPIG(1.0),27/06/22 23:00:00,A,A3100,M12,THS_HD,IE,2006,1620.00,
ESTAT:APRO_MT_LSPIG(1.0),27/06/22 23:00:00,A,A3100,M12,THS_HD,IE,2007,1500.45,
ESTAT:APRO_MT_LSPIG(1.0),27/06/22 23:00:00,A,A3100,M12,THS_HD,IE,2008,1510.75,
ESTAT:APRO_MT_LSPIG(1.0),27/06/22 23:00:00,A,A3100,M12,THS_HD,IE,2009,1501.95,
ESTAT:APRO_MT_LSPIG(1.0),27/06/22 23:00:00,A,A3100,M12,THS_HD,IE,2010,1500.45,
ESTAT:APRO_MT_LSPIG(1.0),27/06/22 23:00:00,A,A3100,M12,THS_HD,IE,2011,1552.93,
ESTAT:APRO_MT_LSPIG(1.0),27/06/22 23:00:00,A,A3100,M12,THS_HD,IE,2012,1493.49,
ESTAT:APRO_MT_LSPIG(1.0),27/06/22 23:00:00,A,A3100,M12,THS_HD,IE,2013,1469.09,
ESTAT:APRO_MT_LSPIG(1.0),27/06/22 23:00:00,A,A3100,M12,THS_HD,IE,2014,1505.66,
ESTAT:APRO_MT_LSPIG(1.0),27/06/22 23:00:00,A,A3100,M12,THS_HD,IE,2015,1474.54,
ESTAT:APRO_MT_LSPIG(1.0),27/06/22 23:00:00,A,A3100,M12,THS_HD,IE,2016,1527.83,
ESTAT:APRO_MT_LSPIG(1.0),27/06/22 23:00:00,A,A3100,M12,THS_HD,IE,2017,1616.36,
ESTAT:APRO_MT_LSPIG(1.0),27/06/22 23:00:00,A,A3100,M12,THS_HD,IE,2018,1572.15,
ESTAT:APRO_MT_LSPIG(1.0),27/06/22 23:00:00,A,A3100,M12,THS_HD,IE,2019,1613.27,
ESTAT:APRO_MT_LSPIG(1.0),27/06/22 23:00:00,A,A3100,M12,THS_HD,IE,2020,1678.57,
ESTAT:APRO_MT_LSPIG(1.0),27/06/22 23:00:00,A,A3100,M12,THS_HD,IE,2021,1713.59,
ESTAT:APRO_MT_LSPIG(1.0),27/06/22 23:00:00,A,A3100,M12,THS_HD,IS,2011,38.20,
ESTAT:APRO_MT_LSPIG(1.0),27/06/22 23:00:00,A,A3100,M12,THS_HD,IS,2012,36.30,
ESTAT:APRO_MT_LSPIG(1.0),27/06/22 23:00:00,A,A3100,M12,THS_HD,IS,2013,36.30,
ESTAT:APRO_MT_LSPIG(1.0),27/06/22 23:00:00,A,A3100,M12,THS_HD,IS,2014,36.50,e
ESTAT:APRO_MT_LSPIG(1.0),27/06/22 23:00:00,A,A3100,M12,THS_HD,IS,2015,36.40,e
ESTAT:APRO_MT_LSPIG(1.0),27/06/22 23:00:00,A,A3100,M12,THS_HD,IS,2016,38.00,
ESTAT:APRO_MT_LSPIG(1.0),27/06/22 23:00:00,A,A3100,M12,THS_HD,IS,2017,37.00,
ESTAT:APRO_MT_LSPIG(1.0),27/06/22 23:00:00,A,A3100,M12,THS_HD,IS,2018,36.00,
ESTAT:APRO_MT_LSPIG(1.0),27/06/22 23:00:00,A,A3100,M12,THS_HD,IS,2019,35.00,
ESTAT:APRO_MT_LSPIG(1.0),27/06/22 23:00:00,A,A3100,M12,THS_HD,IT,1969,9224.00,
ESTAT:APRO_MT_LSPIG(1.0),27/06/22 23:00:00,A,A3100,M12,THS_HD,IT,1970,8980.00,
ESTAT:APRO_MT_LSPIG(1.0),27/06/22 23:00:00,A,A3100,M12,THS_HD,IT,1971,8196.00,
ESTAT:APRO_MT_LSPIG(1.0),27/06/22 23:00:00,A,A3100,M12,THS_HD,IT,1972,7990.00,
ESTAT:APRO_MT_LSPIG(1.0),27/06/22 23:00:00,A,A3100,M12,THS_HD,IT,1973,8201.00,
ESTAT:APRO_MT_LSPIG(1.0),27/06/22 23:00:00,A,A3100,M12,THS_HD,IT,1974,8814.00,
ESTAT:APRO_MT_LSPIG(1.0),27/06/22 23:00:00,A,A3100,M12,THS_HD,IT,1975,8888.00,
ESTAT:APRO_MT_LSPIG(1.0),27/06/22 23:00:00,A,A3100,M12,THS_HD,IT,1976,9097.00,
ESTAT:APRO_MT_LSPIG(1.0),27/06/22 23:00:00,A,A3100,M12,THS_HD,IT,1977,9420.20,
ESTAT:APRO_MT_LSPIG(1.0),27/06/22 23:00:00,A,A3100,M12,THS_HD,IT,1978,8921.50,
ESTAT:APRO_MT_LSPIG(1.0),27/06/22 23:00:00,A,A3100,M12,THS_HD,IT,1979,8806.90,
ESTAT:APRO_MT_LSPIG(1.0),27/06/22 23:00:00,A,A3100,M12,THS_HD,IT,1980,8928.00,
ESTAT:APRO_MT_LSPIG(1.0),27/06/22 23:00:00,A,A3100,M12,THS_HD,IT,1981,9014.60,
ESTAT:APRO_MT_LSPIG(1.0),27/06/22 23:00:00,A,A3100,M12,THS_HD,IT,1982,9132.30,
ESTAT:APRO_MT_LSPIG(1.0),27/06/22 23:00:00,A,A3100,M12,THS_HD,IT,1983,9252.40,
ESTAT:APRO_MT_LSPIG(1.0),27/06/22 23:00:00,A,A3100,M12,THS_HD,IT,1984,9040.90,
ESTAT:APRO_MT_LSPIG(1.0),27/06/22 23:00:00,A,A3100,M12,THS_HD,IT,1985,9169.50,
ESTAT:APRO_MT_LSPIG(1.0),27/06/22 23:00:00,A,A3100,M12,THS_HD,IT,1986,9278.00,
ESTAT:APRO_MT_LSPIG(1.0),27/06/22 23:00:00,A,A3100,M12,THS_HD,IT,1987,9383.00,
ESTAT:APRO_MT_LSPIG(1.0),27/06/22 23:00:00,A,A3100,M12,THS_HD,IT,1988,9359.50,
ESTAT:APRO_MT_LSPIG(1.0),27/06/22 23:00:00,A,A3100,M12,THS_HD,IT,1989,9254.30,
ESTAT:APRO_MT_LSPIG(1.0),27/06/22 23:00:00,A,A3100,M12,THS_HD,IT,1990,8837.00,
ESTAT:APRO_MT_LSPIG(1.0),27/06/22 23:00:00,A,A3100,M12,THS_HD,IT,1991,8548.80,
ESTAT:APRO_MT_LSPIG(1.0),27/06/22 23:00:00,A,A3100,M12,THS_HD,IT,1992,8244.40,
ESTAT:APRO_MT_LSPIG(1.0),27/06/22 23:00:00,A,A3100,M12,THS_HD,IT,1993,8348.10,
ESTAT:APRO_MT_LSPIG(1.0),27/06/22 23:00:00,A,A3100,M12,THS_HD,IT,1994,8023.00,
ESTAT:APRO_MT_LSPIG(1.0),27/06/22 23:00:00,A,A3100,M12,THS_HD,IT,1995,8061.00,
ESTAT:APRO_MT_LSPIG(1.0),27/06/22 23:00:00,A,A3100,M12,THS_HD,IT,1996,8090.00,
ESTAT:APRO_MT_LSPIG(1.0),27/06/22 23:00:00,A,A3100,M12,THS_HD,IT,1997,8281.00,
ESTAT:APRO_MT_LSPIG(1.0),27/06/22 23:00:00,A,A3100,M12,THS_HD,IT,1998,8323.00,
ESTAT:APRO_MT_LSPIG(1.0),27/06/22 23:00:00,A,A3100,M12,THS_HD,IT,1999,8415.00,
ESTAT:APRO_MT_LSPIG(1.0),27/06/22 23:00:00,A,A3100,M12,THS_HD,IT,2000,8645.54,
ESTAT:APRO_MT_LSPIG(1.0),27/06/22 23:00:00,A,A3100,M12,THS_HD,IT,2001,8766.26,
ESTAT:APRO_MT_LSPIG(1.0),27/06/22 23:00:00,A,A3100,M12,THS_HD,IT,2002,9166.00,
ESTAT:APRO_MT_LSPIG(1.0),27/06/22 23:00:00,A,A3100,M12,THS_HD,IT,2003,9157.00,
ESTAT:APRO_MT_LSPIG(1.0),27/06/22 23:00:00,A,A3100,M12,THS_HD,IT,2004,8971.76,
ESTAT:APRO_MT_LSPIG(1.0),27/06/22 23:00:00,A,A3100,M12,THS_HD,IT,2005,9200.00,
ESTAT:APRO_MT_LSPIG(1.0),27/06/22 23:00:00,A,A3100,M12,THS_HD,IT,2006,9281.08,
ESTAT:APRO_MT_LSPIG(1.0),27/06/22 23:00:00,A,A3100,M12,THS_HD,IT,2007,9273.00,
ESTAT:APRO_MT_LSPIG(1.0),27/06/22 23:00:00,A,A3100,M12,THS_HD,IT,2008,9252.44,
ESTAT:APRO_MT_LSPIG(1.0),27/06/22 23:00:00,A,A3100,M12,THS_HD,IT,2009,9157.07,
ESTAT:APRO_MT_LSPIG(1.0),27/06/22 23:00:00,A,A3100,M12,THS_HD,IT,2010,739.09,
ESTAT:APRO_MT_LSPIG(1.0),27/06/22 23:00:00,A,A3100,M12,THS_HD,IT,2011,9350.78,
ESTAT:APRO_MT_LSPIG(1.0),27/06/22 23:00:00,A,A3100,M12,THS_HD,IT,2012,8661.53,
ESTAT:APRO_MT_LSPIG(1.0),27/06/22 23:00:00,A,A3100,M12,THS_HD,IT,2013,8561.28,
ESTAT:APRO_MT_LSPIG(1.0),27/06/22 23:00:00,A,A3100,M12,THS_HD,IT,2014,8676.10,
ESTAT:APRO_MT_LSPIG(1.0),27/06/22 23:00:00,A,A3100,M12,THS_HD,IT,2015,8674.79,
ESTAT:APRO_MT_LSPIG(1.0),27/06/22 23:00:00,A,A3100,M12,THS_HD,IT,2016,8477.93,
ESTAT:APRO_MT_LSPIG(1.0),27/06/22 23:00:00,A,A3100,M12,THS_HD,IT,2017,8570.75,
ESTAT:APRO_MT_LSPIG(1.0),27/06/22 23:00:00,A,A3100,M12,THS_HD,IT,2018,8492.23,
ESTAT:APRO_MT_LSPIG(1.0),27/06/22 23:00:00,A,A3100,M12,THS_HD,IT,2019,8510.27,
ESTAT:APRO_MT_LSPIG(1.0),27/06/22 23:00:00,A,A3100,M12,THS_HD,IT,2020,8543.03,
ESTAT:APRO_MT_LSPIG(1.0),27/06/22 23:00:00,A,A3100,M12,THS_HD,IT,2021,8407.97,
ESTAT:APRO_MT_LSPIG(1.0),27/06/22 23:00:00,A,A3100,M12,THS_HD,LT,1987,2706.30,
ESTAT:APRO_MT_LSPIG(1.0),27/06/22 23:00:00,A,A3100,M12,THS_HD,LT,1988,2705.00,
ESTAT:APRO_MT_LSPIG(1.0),27/06/22 23:00:00,A,A3100,M12,THS_HD,LT,1989,2730.20,
ESTAT:APRO_MT_LSPIG(1.0),27/06/22 23:00:00,A,A3100,M12,THS_HD,LT,1990,2435.90,
ESTAT:APRO_MT_LSPIG(1.0),27/06/22 23:00:00,A,A3100,M12,THS_HD,LT,1991,2179.80,
ESTAT:APRO_MT_LSPIG(1.0),27/06/22 23:00:00,A,A3100,M12,THS_HD,LT,1992,1359.80,
ESTAT:APRO_MT_LSPIG(1.0),27/06/22 23:00:00,A,A3100,M12,THS_HD,LT,1993,1196.20,
ESTAT:APRO_MT_LSPIG(1.0),27/06/22 23:00:00,A,A3100,M12,THS_HD,LT,1994,1259.80,
ESTAT:APRO_MT_LSPIG(1.0),27/06/22 23:00:00,A,A3100,M12,THS_HD,LT,1995,1270.00,
ESTAT:APRO_MT_LSPIG(1.0),27/06/22 23:00:00,A,A3100,M12,THS_HD,LT,1996,1127.60,
ESTAT:APRO_MT_LSPIG(1.0),27/06/22 23:00:00,A,A3100,M12,THS_HD,LT,1997,1200.10,
ESTAT:APRO_MT_LSPIG(1.0),27/06/22 23:00:00,A,A3100,M12,THS_HD,LT,1998,1159.00,
ESTAT:APRO_MT_LSPIG(1.0),27/06/22 23:00:00,A,A3100,M12,THS_HD,LT,1999,936.10,
ESTAT:APRO_MT_LSPIG(1.0),27/06/22 23:00:00,A,A3100,M12,THS_HD,LT,2000,867.60,
ESTAT:APRO_MT_LSPIG(1.0),27/06/22 23:00:00,A,A3100,M12,THS_HD,LT,2001,1010.80,
ESTAT:APRO_MT_LSPIG(1.0),27/06/22 23:00:00,A,A3100,M12,THS_HD,LT,2002,1061.00,
ESTAT:APRO_MT_LSPIG(1.0),27/06/22 23:00:00,A,A3100,M12,THS_HD,LT,2003,1057.40,
ESTAT:APRO_MT_LSPIG(1.0),27/06/22 23:00:00,A,A3100,M12,THS_HD,LT,2004,1073.30,
ESTAT:APRO_MT_LSPIG(1.0),27/06/22 23:00:00,A,A3100,M12,THS_HD,LT,2005,1114.70,
ESTAT:APRO_MT_LSPIG(1.0),27/06/22 23:00:00,A,A3100,M12,THS_HD,LT,2006,1127.10,
ESTAT:APRO_MT_LSPIG(1.0),27/06/22 23:00:00,A,A3100,M12,THS_HD,LT,2007,923.20,
ESTAT:APRO_MT_LSPIG(1.0),27/06/22 23:00:00,A,A3100,M12,THS_HD,LT,2008,897.10,
ESTAT:APRO_MT_LSPIG(1.0),27/06/22 23:00:00,A,A3100,M12,THS_HD,LT,2009,928.20,
ESTAT:APRO_MT_LSPIG(1.0),27/06/22 23:00:00,A,A3100,M12,THS_HD,LT,2010,929.40,
ESTAT:APRO_MT_LSPIG(1.0),27/06/22 23:00:00,A,A3100,M12,THS_HD,LT,2011,790.30,
ESTAT:APRO_MT_LSPIG(1.0),27/06/22 23:00:00,A,A3100,M12,THS_HD,LT,2012,807.50,
ESTAT:APRO_MT_LSPIG(1.0),27/06/22 23:00:00,A,A3100,M12,THS_HD,LT,2013,754.60,
ESTAT:APRO_MT_LSPIG(1.0),27/06/22 23:00:00,A,A3100,M12,THS_HD,LT,2014,714.20,
ESTAT:APRO_MT_LSPIG(1.0),27/06/22 23:00:00,A,A3100,M12,THS_HD,LT,2015,687.80,
ESTAT:APRO_MT_LSPIG(1.0),27/06/22 23:00:00,A,A3100,M12,THS_HD,LT,2016,663.90,
ESTAT:APRO_MT_LSPIG(1.0),27/06/22 23:00:00,A,A3100,M12,THS_HD,LT,2017,611.90,
ESTAT:APRO_MT_LSPIG(1.0),27/06/22 23:00:00,A,A3100,M12,THS_HD,LT,2018,572.00,
ESTAT:APRO_MT_LSPIG(1.0),27/06/22 23:00:00,A,A3100,M12,THS_HD,LT,2019,550.80,
ESTAT:APRO_MT_LSPIG(1.0),27/06/22 23:00:00,A,A3100,M12,THS_HD,LT,2020,580.40,
ESTAT:APRO_MT_LSPIG(1.0),27/06/22 23:00:00,A,A3100,M12,THS_HD,LT,2021,573.80,
ESTAT:APRO_MT_LSPIG(1.0),27/06/22 23:00:00,A,A3100,M12,THS_HD,LU,1969,109.00,
ESTAT:APRO_MT_LSPIG(1.0),27/06/22 23:00:00,A,A3100,M12,THS_HD,LU,1970,131.00,
ESTAT:APRO_MT_LSPIG(1.0),27/06/22 23:00:00,A,A3100,M12,THS_HD,LU,1971,109.00,
ESTAT:APRO_MT_LSPIG(1.0),27/06/22 23:00:00,A,A3100,M12,THS_HD,LU,1972,102.00,
ESTAT:APRO_MT_LSPIG(1.0),27/06/22 23:00:00,A,A3100,M12,THS_HD,LU,1973,101.00,
ESTAT:APRO_MT_LSPIG(1.0),27/06/22 23:00:00,A,A3100,M12,THS_HD,LU,1974,95.00,
ESTAT:APRO_MT_LSPIG(1.0),27/06/22 23:00:00,A,A3100,M12,THS_HD,LU,1975,86.00,
ESTAT:APRO_MT_LSPIG(1.0),27/06/22 23:00:00,A,A3100,M12,THS_HD,LU,1976,89.00,
ESTAT:APRO_MT_LSPIG(1.0),27/06/22 23:00:00,A,A3100,M12,THS_HD,LU,1977,87.76,
ESTAT:APRO_MT_LSPIG(1.0),27/06/22 23:00:00,A,A3100,M12,THS_HD,LU,1978,90.73,
ESTAT:APRO_MT_LSPIG(1.0),27/06/22 23:00:00,A,A3100,M12,THS_HD,LU,1979,80.29,
ESTAT:APRO_MT_LSPIG(1.0),27/06/22 23:00:00,A,A3100,M12,THS_HD,LU,1980,87.63,
ESTAT:APRO_MT_LSPIG(1.0),27/06/22 23:00:00,A,A3100,M12,THS_HD,LU,1981,73.39,
ESTAT:APRO_MT_LSPIG(1.0),27/06/22 23:00:00,A,A3100,M12,THS_HD,LU,1982,73.50,
ESTAT:APRO_MT_LSPIG(1.0),27/06/22 23:00:00,A,A3100,M12,THS_HD,LU,1983,71.14,
ESTAT:APRO_MT_LSPIG(1.0),27/06/22 23:00:00,A,A3100,M12,THS_HD,LU,1984,70.21,
ESTAT:APRO_MT_LSPIG(1.0),27/06/22 23:00:00,A,A3100,M12,THS_HD,LU,1985,71.84,
ESTAT:APRO_MT_LSPIG(1.0),27/06/22 23:00:00,A,A3100,M12,THS_HD,LU,1986,73.84,
ESTAT:APRO_MT_LSPIG(1.0),27/06/22 23:00:00,A,A3100,M12,THS_HD,LU,1987,76.81,
ESTAT:APRO_MT_LSPIG(1.0),27/06/22 23:00:00,A,A3100,M12,THS_HD,LU,1988,72.65,
ESTAT:APRO_MT_LSPIG(1.0),27/06/22 23:00:00,A,A3100,M12,THS_HD,LU,1989,70.50,
ESTAT:APRO_MT_LSPIG(1.0),27/06/22 23:00:00,A,A3100,M12,THS_HD,LU,1990,70.20,
ESTAT:APRO_MT_LSPIG(1.0),27/06/22 23:00:00,A,A3100,M12,THS_HD,LU,1991,64.22,
ESTAT:APRO_MT_LSPIG(1.0),27/06/22 23:00:00,A,A3100,M12,THS_HD,LU,1992,66.08,
ESTAT:APRO_MT_LSPIG(1.0),27/06/22 23:00:00,A,A3100,M12,THS_HD,LU,1993,71.62,
ESTAT:APRO_MT_LSPIG(1.0),27/06/22 23:00:00,A,A3100,M12,THS_HD,LU,1994,67.87,
ESTAT:APRO_MT_LSPIG(1.0),27/06/22 23:00:00,A,A3100,M12,THS_HD,LU,1995,72.83,
ESTAT:APRO_MT_LSPIG(1.0),27/06/22 23:00:00,A,A3100,M12,THS_HD,LU,1996,76.98,
ESTAT:APRO_MT_LSPIG(1.0),27/06/22 23:00:00,A,A3100,M12,THS_HD,LU,1997,73.72,
ESTAT:APRO_MT_LSPIG(1.0),27/06/22 23:00:00,A,A3100,M12,THS_HD,LU,1998,80.95,
ESTAT:APRO_MT_LSPIG(1.0),27/06/22 23:00:00,A,A3100,M12,THS_HD,LU,1999,82.12,
ESTAT:APRO_MT_LSPIG(1.0),27/06/22 23:00:00,A,A3100,M12,THS_HD,LU,2000,82.60,
ESTAT:APRO_MT_LSPIG(1.0),27/06/22 23:00:00,A,A3100,M12,THS_HD,LU,2001,76.21,
ESTAT:APRO_MT_LSPIG(1.0),27/06/22 23:00:00,A,A3100,M12,THS_HD,LU,2002,76.48,
ESTAT:APRO_MT_LSPIG(1.0),27/06/22 23:00:00,A,A3100,M12,THS_HD,LU,2003,75.89,
ESTAT:APRO_MT_LSPIG(1.0),27/06/22 23:00:00,A,A3100,M12,THS_HD,LU,2004,77.13,
ESTAT:APRO_MT_LSPIG(1.0),27/06/22 23:00:00,A,A3100,M12,THS_HD,LU,2005,77.13,
ESTAT:APRO_MT_LSPIG(1.0),27/06/22 23:00:00,A,A3100,M12,THS_HD,LU,2006,86.95,
ESTAT:APRO_MT_LSPIG(1.0),27/06/22 23:00:00,A,A3100,M12,THS_HD,LU,2007,86.38,
ESTAT:APRO_MT_LSPIG(1.0),27/06/22 23:00:00,A,A3100,M12,THS_HD,LU,2008,77.84,
ESTAT:APRO_MT_LSPIG(1.0),27/06/22 23:00:00,A,A3100,M12,THS_HD,LU,2009,88.63,
ESTAT:APRO_MT_LSPIG(1.0),27/06/22 23:00:00,A,A3100,M12,THS_HD,LU,2010,89.39,
ESTAT:APRO_MT_LSPIG(1.0),27/06/22 23:00:00,A,A3100,M12,THS_HD,LU,2011,91.25,
ESTAT:APRO_MT_LSPIG(1.0),27/06/22 23:00:00,A,A3100,M12,THS_HD,LU,2012,88.61,
ESTAT:APRO_MT_LSPIG(1.0),27/06/22 23:00:00,A,A3100,M12,THS_HD,LU,2013,89.55,
ESTAT:APRO_MT_LSPIG(1.0),27/06/22 23:00:00,A,A3100,M12,THS_HD,LU,2014,92.69,
ESTAT:APRO_MT_LSPIG(1.0),27/06/22 23:00:00,A,A3100,M12,THS_HD,LU,2015,88.50,
ESTAT:APRO_MT_LSPIG(1.0),27/06/22 23:00:00,A,A3100,M12,THS_HD,LU,2016,95.48,
ESTAT:APRO_MT_LSPIG(1.0),27/06/22 23:00:00,A,A3100,M12,THS_HD,LU,2017,90.94,
ESTAT:APRO_MT_LSPIG(1.0),27/06/22 23:00:00,A,A3100,M12,THS_HD,LU,2018,82.59,
ESTAT:APRO_MT_LSPIG(1.0),27/06/22 23:00:00,A,A3100,M12,THS_HD,LU,2019,84.04,
ESTAT:APRO_MT_LSPIG(1.0),27/06/22 23:00:00,A,A3100,M12,THS_HD,LU,2020,82.13,
ESTAT:APRO_MT_LSPIG(1.0),27/06/22 23:00:00,A,A3100,M12,THS_HD,LU,2021,78.33,
ESTAT:APRO_MT_LSPIG(1.0),27/06/22 23:00:00,A,A3100,M12,THS_HD,LV,1987,1717.90,
ESTAT:APRO_MT_LSPIG(1.0),27/06/22 23:00:00,A,A3100,M12,THS_HD,LV,1988,1619.90,
ESTAT:APRO_MT_LSPIG(1.0),27/06/22 23:00:00,A,A3100,M12,THS_HD,LV,1989,1554.60,
ESTAT:APRO_MT_LSPIG(1.0),27/06/22 23:00:00,A,A3100,M12,THS_HD,LV,1990,1401.10,
ESTAT:APRO_MT_LSPIG(1.0),27/06/22 23:00:00,A,A3100,M12,THS_HD,LV,1991,1246.50,
ESTAT:APRO_MT_LSPIG(1.0),27/06/22 23:00:00,A,A3100,M12,THS_HD,LV,1992,866.50,
ESTAT:APRO_MT_LSPIG(1.0),27/06/22 23:00:00,A,A3100,M12,THS_HD,LV,1993,481.80,
ESTAT:APRO_MT_LSPIG(1.0),27/06/22 23:00:00,A,A3100,M12,THS_HD,LV,1994,500.70,
ESTAT:APRO_MT_LSPIG(1.0),27/06/22 23:00:00,A,A3100,M12,THS_HD,LV,1995,552.80,
ESTAT:APRO_MT_LSPIG(1.0),27/06/22 23:00:00,A,A3100,M12,THS_HD,LV,1996,459.60,
ESTAT:APRO_MT_LSPIG(1.0),27/06/22 23:00:00,A,A3100,M12,THS_HD,LV,1997,429.90,
ESTAT:APRO_MT_LSPIG(1.0),27/06/22 23:00:00,A,A3100,M12,THS_HD,LV,1998,421.10,
ESTAT:APRO_MT_LSPIG(1.0),27/06/22 23:00:00,A,A3100,M12,THS_HD,LV,1999,404.90,
ESTAT:APRO_MT_LSPIG(1.0),27/06/22 23:00:00,A,A3100,M12,THS_HD,LV,2000,393.50,
ESTAT:APRO_MT_LSPIG(1.0),27/06/22 23:00:00,A,A3100,M12,THS_HD,LV,2001,428.70,
ESTAT:APRO_MT_LSPIG(1.0),27/06/22 23:00:00,A,A3100,M12,THS_HD,LV,2002,453.20,
ESTAT:APRO_MT_LSPIG(1.0),27/06/22 23:00:00,A,A3100,M12,THS_HD,LV,2003,444.40,
ESTAT:APRO_MT_LSPIG(1.0),27/06/22 23:00:00,A,A3100,M12,THS_HD,LV,2004,435.70,
ESTAT:APRO_MT_LSPIG(1.0),27/06/22 23:00:00,A,A3100,M12,THS_HD,LV,2005,427.90,
ESTAT:APRO_MT_LSPIG(1.0),27/06/22 23:00:00,A,A3100,M12,THS_HD,LV,2006,416.75,
ESTAT:APRO_MT_LSPIG(1.0),27/06/22 23:00:00,A,A3100,M12,THS_HD,LV,2007,414.42,
ESTAT:APRO_MT_LSPIG(1.0),27/06/22 23:00:00,A,A3100,M12,THS_HD,LV,2008,383.72,
ESTAT:APRO_MT_LSPIG(1.0),27/06/22 23:00:00,A,A3100,M12,THS_HD,LV,2009,376.54,
ESTAT:APRO_MT_LSPIG(1.0),27/06/22 23:00:00,A,A3100,M12,THS_HD,LV,2010,389.74,
ESTAT:APRO_MT_LSPIG(1.0),27/06/22 23:00:00,A,A3100,M12,THS_HD,LV,2011,374.98,
ESTAT:APRO_MT_LSPIG(1.0),27/06/22 23:00:00,A,A3100,M12,THS_HD,LV,2012,355.22,
ESTAT:APRO_MT_LSPIG(1.0),27/06/22 23:00:00,A,A3100,M12,THS_HD,LV,2013,367.54,
ESTAT:APRO_MT_LSPIG(1.0),27/06/22 23:00:00,A,A3100,M12,THS_HD,LV,2014,349.43,
ESTAT:APRO_MT_LSPIG(1.0),27/06/22 23:00:00,A,A3100,M12,THS_HD,LV,2015,334.16,
ESTAT:APRO_MT_LSPIG(1.0),27/06/22 23:00:00,A,A3100,M12,THS_HD,LV,2016,336.39,
ESTAT:APRO_MT_LSPIG(1.0),27/06/22 23:00:00,A,A3100,M12,THS_HD,LV,2017,320.56,
ESTAT:APRO_MT_LSPIG(1.0),27/06/22 23:00:00,A,A3100,M12,THS_HD,LV,2018,304.90,
ESTAT:APRO_MT_LSPIG(1.0),27/06/22 23:00:00,A,A3100,M12,THS_HD,LV,2019,314.20,
ESTAT:APRO_MT_LSPIG(1.0),27/06/22 23:00:00,A,A3100,M12,THS_HD,LV,2020,306.82,
ESTAT:APRO_MT_LSPIG(1.0),27/06/22 23:00:00,A,A3100,M12,THS_HD,LV,2021,327.02,
ESTAT:APRO_MT_LSPIG(1.0),27/06/22 23:00:00,A,A3100,M12,THS_HD,ME,2012,18.45,
ESTAT:APRO_MT_LSPIG(1.0),27/06/22 23:00:00,A,A3100,M12,THS_HD,ME,2013,21.00,
ESTAT:APRO_MT_LSPIG(1.0),27/06/22 23:00:00,A,A3100,M12,THS_HD,ME,2014,22.00,
ESTAT:APRO_MT_LSPIG(1.0),27/06/22 23:00:00,A,A3100,M12,THS_HD,ME,2015,25.00,
ESTAT:APRO_MT_LSPIG(1.0),27/06/22 23:00:00,A,A3100,M12,THS_HD,ME,2016,55.00,p
ESTAT:APRO_MT_LSPIG(1.0),27/06/22 23:00:00,A,A3100,M12,THS_HD,ME,2017,25.00,p
ESTAT:APRO_MT_LSPIG(1.0),27/06/22 23:00:00,A,A3100,M12,THS_HD,ME,2018,23.60,p
ESTAT:APRO_MT_LSPIG(1.0),27/06/22 23:00:00,A,A3100,M12,THS_HD,ME,2019,23.00,p
ESTAT:APRO_MT_LSPIG(1.0),27/06/22 23:00:00,A,A3100,M12,THS_HD,MK,2012,152.00,
ESTAT:APRO_MT_LSPIG(1.0),27/06/22 23:00:00,A,A3100,M12,THS_HD,MK,2013,167.00,
ESTAT:APRO_MT_LSPIG(1.0),27/06/22 23:00:00,A,A3100,M12,THS_HD,MK,2014,165.00,
ESTAT:APRO_MT_LSPIG(1.0),27/06/22 23:00:00,A,A3100,M12,THS_HD,MK,2015,195.00,
ESTAT:APRO_MT_LSPIG(1.0),27/06/22 23:00:00,A,A3100,M12,THS_HD,MK,2016,203.00,
ESTAT:APRO_MT_LSPIG(1.0),27/06/22 23:00:00,A,A3100,M12,THS_HD,MK,2017,202.00,
ESTAT:APRO_MT_LSPIG(1.0),27/06/22 23:00:00,A,A3100,M12,THS_HD,MK,2018,196.00,
ESTAT:APRO_MT_LSPIG(1.0),27/06/22 23:00:00,A,A3100,M12,THS_HD,MK,2019,136.00,
ESTAT:APRO_MT_LSPIG(1.0),27/06/22 23:00:00,A,A3100,M12,THS_HD,MK,2020,164.00,
ESTAT:APRO_MT_LSPIG(1.0),27/06/22 23:00:00,A,A3100,M12,THS_HD,MK,2021,186.00,
ESTAT:APRO_MT_LSPIG(1.0),27/06/22 23:00:00,A,A3100,M12,THS_HD,MT,1987,49.63,
ESTAT:APRO_MT_LSPIG(1.0),27/06/22 23:00:00,A,A3100,M12,THS_HD,MT,1988,53.37,
ESTAT:APRO_MT_LSPIG(1.0),27/06/22 23:00:00,A,A3100,M12,THS_HD,MT,1989,51.48,
ESTAT:APRO_MT_LSPIG(1.0),27/06/22 23:00:00,A,A3100,M12,THS_HD,MT,1990,53.76,
ESTAT:APRO_MT_LSPIG(1.0),27/06/22 23:00:00,A,A3100,M12,THS_HD,MT,1991,56.39,
ESTAT:APRO_MT_LSPIG(1.0),27/06/22 23:00:00,A,A3100,M12,THS_HD,MT,1992,60.25,
ESTAT:APRO_MT_LSPIG(1.0),27/06/22 23:00:00,A,A3100,M12,THS_HD,MT,1993,65.86,
ESTAT:APRO_MT_LSPIG(1.0),27/06/22 23:00:00,A,A3100,M12,THS_HD,MT,1994,55.47,
ESTAT:APRO_MT_LSPIG(1.0),27/06/22 23:00:00,A,A3100,M12,THS_HD,MT,1995,55.09,
ESTAT:APRO_MT_LSPIG(1.0),27/06/22 23:00:00,A,A3100,M12,THS_HD,MT,1996,64.57,
ESTAT:APRO_MT_LSPIG(1.0),27/06/22 23:00:00,A,A3100,M12,THS_HD,MT,1997,67.11,
ESTAT:APRO_MT_LSPIG(1.0),27/06/22 23:00:00,A,A3100,M12,THS_HD,MT,1998,61.42,
ESTAT:APRO_MT_LSPIG(1.0),27/06/22 23:00:00,A,A3100,M12,THS_HD,MT,2001,80.90,
ESTAT:APRO_MT_LSPIG(1.0),27/06/22 23:00:00,A,A3100,M12,THS_HD,MT,2002,78.30,
ESTAT:APRO_MT_LSPIG(1.0),27/06/22 23:00:00,A,A3100,M12,THS_HD,MT,2003,73.07,
ESTAT:APRO_MT_LSPIG(1.0),27/06/22 23:00:00,A,A3100,M12,THS_HD,MT,2004,76.85,
ESTAT:APRO_MT_LSPIG(1.0),27/06/22 23:00:00,A,A3100,M12,THS_HD,MT,2005,73.03,
ESTAT:APRO_MT_LSPIG(1.0),27/06/22 23:00:00,A,A3100,M12,THS_HD,MT,2006,73.68,
ESTAT:APRO_MT_LSPIG(1.0),27/06/22 23:00:00,A,A3100,M12,THS_HD,MT,2007,76.90,
ESTAT:APRO_MT_LSPIG(1.0),27/06/22 23:00:00,A,A3100,M12,THS_HD,MT,2008,65.51,
ESTAT:APRO_MT_LSPIG(1.0),27/06/22 23:00:00,A,A3100,M12,THS_HD,MT,2009,65.92,
ESTAT:APRO_MT_LSPIG(1.0),27/06/22 23:00:00,A,A3100,M12,THS_HD,MT,2010,69.28,
ESTAT:APRO_MT_LSPIG(1.0),27/06/22 23:00:00,A,A3100,M12,THS_HD,MT,2011,46.29,
ESTAT:APRO_MT_LSPIG(1.0),27/06/22 23:00:00,A,A3100,M12,THS_HD,MT,2012,45.21,
ESTAT:APRO_MT_LSPIG(1.0),27/06/22 23:00:00,A,A3100,M12,THS_HD,MT,2013,49.45,
ESTAT:APRO_MT_LSPIG(1.0),27/06/22 23:00:00,A,A3100,M12,THS_HD,MT,2014,47.47,
ESTAT:APRO_MT_LSPIG(1.0),27/06/22 23:00:00,A,A3100,M12,THS_HD,MT,2015,43.63,
ESTAT:APRO_MT_LSPIG(1.0),27/06/22 23:00:00,A,A3100,M12,THS_HD,MT,2016,40.60,
ESTAT:APRO_MT_LSPIG(1.0),27/06/22 23:00:00,A,A3100,M12,THS_HD,MT,2017,34.01,
ESTAT:APRO_MT_LSPIG(1.0),27/06/22 23:00:00,A,A3100,M12,THS_HD,MT,2018,36.29,
ESTAT:APRO_MT_LSPIG(1.0),27/06/22 23:00:00,A,A3100,M12,THS_HD,MT,2019,35.48,
ESTAT:APRO_MT_LSPIG(1.0),27/06/22 23:00:00,A,A3100,M12,THS_HD,MT,2020,40.09,
ESTAT:APRO_MT_LSPIG(1.0),27/06/22 23:00:00,A,A3100,M12,THS_HD,MT,2021,40.05,
ESTAT:APRO_MT_LSPIG(1.0),27/06/22 23:00:00,A,A3100,M12,THS_HD,NL,1969,5294.00,
ESTAT:APRO_MT_LSPIG(1.0),27/06/22 23:00:00,A,A3100,M12,THS_HD,NL,1970,6340.00,
ESTAT:APRO_MT_LSPIG(1.0),27/06/22 23:00:00,A,A3100,M12,THS_HD,NL,1971,6316.00,
ESTAT:APRO_MT_LSPIG(1.0),27/06/22 23:00:00,A,A3100,M12,THS_HD,NL,1972,6480.00,
ESTAT:APRO_MT_LSPIG(1.0),27/06/22 23:00:00,A,A3100,M12,THS_HD,NL,1973,6889.00,
ESTAT:APRO_MT_LSPIG(1.0),27/06/22 23:00:00,A,A3100,M12,THS_HD,NL,1974,7153.00,
ESTAT:APRO_MT_LSPIG(1.0),27/06/22 23:00:00,A,A3100,M12,THS_HD,NL,1975,7016.00,
ESTAT:APRO_MT_LSPIG(1.0),27/06/22 23:00:00,A,A3100,M12,THS_HD,NL,1976,7354.00,
ESTAT:APRO_MT_LSPIG(1.0),27/06/22 23:00:00,A,A3100,M12,THS_HD,NL,1977,8429.00,
ESTAT:APRO_MT_LSPIG(1.0),27/06/22 23:00:00,A,A3100,M12,THS_HD,NL,1978,9301.00,
ESTAT:APRO_MT_LSPIG(1.0),27/06/22 23:00:00,A,A3100,M12,THS_HD,NL,1979,10044.00,
ESTAT:APRO_MT_LSPIG(1.0),27/06/22 23:00:00,A,A3100,M12,THS_HD,NL,1980,10196.00,
ESTAT:APRO_MT_LSPIG(1.0),27/06/22 23:00:00,A,A3100,M12,THS_HD,NL,1981,10193.00,
ESTAT:APRO_MT_LSPIG(1.0),27/06/22 23:00:00,A,A3100,M12,THS_HD,NL,1982,10590.00,
ESTAT:APRO_MT_LSPIG(1.0),27/06/22 23:00:00,A,A3100,M12,THS_HD,NL,1983,11008.00,
ESTAT:APRO_MT_LSPIG(1.0),27/06/22 23:00:00,A,A3100,M12,THS_HD,NL,1984,11799.00,
ESTAT:APRO_MT_LSPIG(1.0),27/06/22 23:00:00,A,A3100,M12,THS_HD,NL,1985,12908.00,
ESTAT:APRO_MT_LSPIG(1.0),27/06/22 23:00:00,A,A3100,M12,THS_HD,NL,1986,14063.00,
ESTAT:APRO_MT_LSPIG(1.0),27/06/22 23:00:00,A,A3100,M12,THS_HD,NL,1987,14226.00,
ESTAT:APRO_MT_LSPIG(1.0),27/06/22 23:00:00,A,A3100,M12,THS_HD,NL,1988,13820.00,
ESTAT:APRO_MT_LSPIG(1.0),27/06/22 23:00:00,A,A3100,M12,THS_HD,NL,1989,13634.00,
ESTAT:APRO_MT_LSPIG(1.0),27/06/22 23:00:00,A,A3100,M12,THS_HD,NL,1990,13788.00,
ESTAT:APRO_MT_LSPIG(1.0),27/06/22 23:00:00,A,A3100,M12,THS_HD,NL,1991,13727.00,
ESTAT:APRO_MT_LSPIG(1.0),27/06/22 23:00:00,A,A3100,M12,THS_HD,NL,1992,13709.00,
ESTAT:APRO_MT_LSPIG(1.0),27/06/22 23:00:00,A,A3100,M12,THS_HD,NL,1993,13991.00,
ESTAT:APRO_MT_LSPIG(1.0),27/06/22 23:00:00,A,A3100,M12,THS_HD,NL,1994,13931.00,
ESTAT:APRO_MT_LSPIG(1.0),27/06/22 23:00:00,A,A3100,M12,THS_HD,NL,1995,13935.00,
ESTAT:APRO_MT_LSPIG(1.0),27/06/22 23:00:00,A,A3100,M12,THS_HD,NL,1996,14253.00,
ESTAT:APRO_MT_LSPIG(1.0),27/06/22 23:00:00,A,A3100,M12,THS_HD,NL,1997,11437.00,
ESTAT:APRO_MT_LSPIG(1.0),27/06/22 23:00:00,A,A3100,M12,THS_HD,NL,1998,13418.00,
ESTAT:APRO_MT_LSPIG(1.0),27/06/22 23:00:00,A,A3100,M12,THS_HD,NL,1999,13139.00,
ESTAT:APRO_MT_LSPIG(1.0),27/06/22 23:00:00,A,A3100,M12,THS_HD,NL,2000,12822.00,
ESTAT:APRO_MT_LSPIG(1.0),27/06/22 23:00:00,A,A3100,M12,THS_HD,NL,2001,11514.00,
ESTAT:APRO_MT_LSPIG(1.0),27/06/22 23:00:00,A,A3100,M12,THS_HD,NL,2002,11154.00,
ESTAT:APRO_MT_LSPIG(1.0),27/06/22 23:00:00,A,A3100,M12,THS_HD,NL,2003,10765.54,
ESTAT:APRO_MT_LSPIG(1.0),27/06/22 23:00:00,A,A3100,M12,THS_HD,NL,2004,11140.00,
ESTAT:APRO_MT_LSPIG(1.0),27/06/22 23:00:00,A,A3100,M12,THS_HD,NL,2005,11000.00,
ESTAT:APRO_MT_LSPIG(1.0),27/06/22 23:00:00,A,A3100,M12,THS_HD,NL,2006,11220.00,
ESTAT:APRO_MT_LSPIG(1.0),27/06/22 23:00:00,A,A3100,M12,THS_HD,NL,2007,11710.00,
ESTAT:APRO_MT_LSPIG(1.0),27/06/22 23:00:00,A,A3100,M12,THS_HD,NL,2008,11735.00,
ESTAT:APRO_MT_LSPIG(1.0),27/06/22 23:00:00,A,A3100,M12,THS_HD,NL,2009,12108.00,
ESTAT:APRO_MT_LSPIG(1.0),27/06/22 23:00:00,A,A3100,M12,THS_HD,NL,2010,12206.00,
ESTAT:APRO_MT_LSPIG(1.0),27/06/22 23:00:00,A,A3100,M12,THS_HD,NL,2011,12103.00,
ESTAT:APRO_MT_LSPIG(1.0),27/06/22 23:00:00,A,A3100,M12,THS_HD,NL,2012,12104.00,
ESTAT:APRO_MT_LSPIG(1.0),27/06/22 23:00:00,A,A3100,M12,THS_HD,NL,2013,12013.00,
ESTAT:APRO_MT_LSPIG(1.0),27/06/22 23:00:00,A,A3100,M12,THS_HD,NL,2014,12065.00,
ESTAT:APRO_MT_LSPIG(1.0),27/06/22 23:00:00,A,A3100,M12,THS_HD,NL,2015,12453.00,
ESTAT:APRO_MT_LSPIG(1.0),27/06/22 23:00:00,A,A3100,M12,THS_HD,NL,2016,11881.00,
ESTAT:APRO_MT_LSPIG(1.0),27/06/22 23:00:00,A,A3100,M12,THS_HD,NL,2017,12296.00,
ESTAT:APRO_MT_LSPIG(1.0),27/06/22 23:00:00,A,A3100,M12,THS_HD,NL,2018,11909.00,
ESTAT:APRO_MT_LSPIG(1.0),27/06/22 23:00:00,A,A3100,M12,THS_HD,NL,2019,11921.00,
ESTAT:APRO_MT_LSPIG(1.0),27/06/22 23:00:00,A,A3100,M12,THS_HD,NL,2020,11541.00,
ESTAT:APRO_MT_LSPIG(1.0),27/06/22 23:00:00,A,A3100,M12,THS_HD,NL,2021,10872.00,
ESTAT:APRO_MT_LSPIG(1.0),27/06/22 23:00:00,A,A3100,M12,THS_HD,PL,1987,19373.20,
ESTAT:APRO_MT_LSPIG(1.0),27/06/22 23:00:00,A,A3100,M12,THS_HD,PL,1988,20168.80,
ESTAT:APRO_MT_LSPIG(1.0),27/06/22 23:00:00,A,A3100,M12,THS_HD,PL,1989,18685.50,
ESTAT:APRO_MT_LSPIG(1.0),27/06/22 23:00:00,A,A3100,M12,THS_HD,PL,1990,19739.20,
ESTAT:APRO_MT_LSPIG(1.0),27/06/22 23:00:00,A,A3100,M12,THS_HD,PL,1991,20724.80,
ESTAT:APRO_MT_LSPIG(1.0),27/06/22 23:00:00,A,A3100,M12,THS_HD,PL,1992,21074.00,
ESTAT:APRO_MT_LSPIG(1.0),27/06/22 23:00:00,A,A3100,M12,THS_HD,PL,1993,17422.20,
ESTAT:APRO_MT_LSPIG(1.0),27/06/22 23:00:00,A,A3100,M12,THS_HD,PL,1994,19137.50,
ESTAT:APRO_MT_LSPIG(1.0),27/06/22 23:00:00,A,A3100,M12,THS_HD,PL,1995,20342.70,
ESTAT:APRO_MT_LSPIG(1.0),27/06/22 23:00:00,A,A3100,M12,THS_HD,PL,1996,17696.70,
ESTAT:APRO_MT_LSPIG(1.0),27/06/22 23:00:00,A,A3100,M12,THS_HD,PL,1997,18496.70,
ESTAT:APRO_MT_LSPIG(1.0),27/06/22 23:00:00,A,A3100,M12,THS_HD,PL,1998,19275.40,
ESTAT:APRO_MT_LSPIG(1.0),27/06/22 23:00:00,A,A3100,M12,THS_HD,PL,1999,18223.90,
ESTAT:APRO_MT_LSPIG(1.0),27/06/22 23:00:00,A,A3100,M12,THS_HD,PL,2000,16991.50,
ESTAT:APRO_MT_LSPIG(1.0),27/06/22 23:00:00,A,A3100,M12,THS_HD,PL,2001,17493.96,
ESTAT:APRO_MT_LSPIG(1.0),27/06/22 23:00:00,A,A3100,M12,THS_HD,PL,2002,18997.03,
ESTAT:APRO_MT_LSPIG(1.0),27/06/22 23:00:00,A,A3100,M12,THS_HD,PL,2003,18439.24,
ESTAT:APRO_MT_LSPIG(1.0),27/06/22 23:00:00,A,A3100,M12,THS_HD,PL,2004,17395.57,
ESTAT:APRO_MT_LSPIG(1.0),27/06/22 23:00:00,A,A3100,M12,THS_HD,PL,2005,18711.29,
ESTAT:APRO_MT_LSPIG(1.0),27/06/22 23:00:00,A,A3100,M12,THS_HD,PL,2006,18812.98,
ESTAT:APRO_MT_LSPIG(1.0),27/06/22 23:00:00,A,A3100,M12,THS_HD,PL,2007,17621.21,
ESTAT:APRO_MT_LSPIG(1.0),27/06/22 23:00:00,A,A3100,M12,THS_HD,PL,2008,14242.27,
ESTAT:APRO_MT_LSPIG(1.0),27/06/22 23:00:00,A,A3100,M12,THS_HD,PL,2009,14252.51,
ESTAT:APRO_MT_LSPIG(1.0),27/06/22 23:00:00,A,A3100,M12,THS_HD,PL,2010,14775.69,
ESTAT:APRO_MT_LSPIG(1.0),27/06/22 23:00:00,A,A3100,M12,THS_HD,PL,2011,13056.41,
ESTAT:APRO_MT_LSPIG(1.0),27/06/22 23:00:00,A,A3100,M12,THS_HD,PL,2012,11132.18,
ESTAT:APRO_MT_LSPIG(1.0),27/06/22 23:00:00,A,A3100,M12,THS_HD,PL,2013,10994.40,
ESTAT:APRO_MT_LSPIG(1.0),27/06/22 23:00:00,A,A3100,M12,THS_HD,PL,2014,11265.65,
ESTAT:APRO_MT_LSPIG(1.0),27/06/22 23:00:00,A,A3100,M12,THS_HD,PL,2015,10590.20,
ESTAT:APRO_MT_LSPIG(1.0),27/06/22 23:00:00,A,A3100,M12,THS_HD,PL,2016,11106.70,
ESTAT:APRO_MT_LSPIG(1.0),27/06/22 23:00:00,A,A3100,M12,THS_HD,PL,2017,11908.20,
ESTAT:APRO_MT_LSPIG(1.0),27/06/22 23:00:00,A,A3100,M12,THS_HD,PL,2018,11027.70,
ESTAT:APRO_MT_LSPIG(1.0),27/06/22 23:00:00,A,A3100,M12,THS_HD,PL,2019,11215.50,
ESTAT:APRO_MT_LSPIG(1.0),27/06/22 23:00:00,A,A3100,M12,THS_HD,PL,2020,11727.40,
ESTAT:APRO_MT_LSPIG(1.0),27/06/22 23:00:00,A,A3100,M12,THS_HD,PL,2021,10242.40,
ESTAT:APRO_MT_LSPIG(1.0),27/06/22 23:00:00,A,A3100,M12,THS_HD,PT,1994,2444.00,
ESTAT:APRO_MT_LSPIG(1.0),27/06/22 23:00:00,A,A3100,M12,THS_HD,PT,1995,2430.00,
ESTAT:APRO_MT_LSPIG(1.0),27/06/22 23:00:00,A,A3100,M12,THS_HD,PT,1996,2375.00,
ESTAT:APRO_MT_LSPIG(1.0),27/06/22 23:00:00,A,A3100,M12,THS_HD,PT,1997,2394.00,
ESTAT:APRO_MT_LSPIG(1.0),27/06/22 23:00:00,A,A3100,M12,THS_HD,PT,1998,2385.00,
ESTAT:APRO_MT_LSPIG(1.0),27/06/22 23:00:00,A,A3100,M12,THS_HD,PT,1999,2349.81,
ESTAT:APRO_MT_LSPIG(1.0),27/06/22 23:00:00,A,A3100,M12,THS_HD,PT,2000,2117.63,
ESTAT:APRO_MT_LSPIG(1.0),27/06/22 23:00:00,A,A3100,M12,THS_HD,PT,2001,2013.70,
ESTAT:APRO_MT_LSPIG(1.0),27/06/22 23:00:00,A,A3100,M12,THS_HD,PT,2002,1963.66,
ESTAT:APRO_MT_LSPIG(1.0),27/06/22 23:00:00,A,A3100,M12,THS_HD,PT,2003,1885.88,
ESTAT:APRO_MT_LSPIG(1.0),27/06/22 23:00:00,A,A3100,M12,THS_HD,PT,2004,1967.40,
ESTAT:APRO_MT_LSPIG(1.0),27/06/22 23:00:00,A,A3100,M12,THS_HD,PT,2005,1955.01,
ESTAT:APRO_MT_LSPIG(1.0),27/06/22 23:00:00,A,A3100,M12,THS_HD,PT,2006,1916.84,
ESTAT:APRO_MT_LSPIG(1.0),27/06/22 23:00:00,A,A3100,M12,THS_HD,PT,2007,1978.19,
ESTAT:APRO_MT_LSPIG(1.0),27/06/22 23:00:00,A,A3100,M12,THS_HD,PT,2008,1954.56,
ESTAT:APRO_MT_LSPIG(1.0),27/06/22 23:00:00,A,A3100,M12,THS_HD,PT,2009,1944.57,
ESTAT:APRO_MT_LSPIG(1.0),27/06/22 23:00:00,A,A3100,M12,THS_HD,PT,2010,1917.30,
ESTAT:APRO_MT_LSPIG(1.0),27/06/22 23:00:00,A,A3100,M12,THS_HD,PT,2011,1985.03,
ESTAT:APRO_MT_LSPIG(1.0),27/06/22 23:00:00,A,A3100,M12,THS_HD,PT,2012,2024.12,
ESTAT:APRO_MT_LSPIG(1.0),27/06/22 23:00:00,A,A3100,M12,THS_HD,PT,2013,2014.38,
ESTAT:APRO_MT_LSPIG(1.0),27/06/22 23:00:00,A,A3100,M12,THS_HD,PT,2014,2126.91,
ESTAT:APRO_MT_LSPIG(1.0),27/06/22 23:00:00,A,A3100,M12,THS_HD,PT,2015,2247.33,
ESTAT:APRO_MT_LSPIG(1.0),27/06/22 23:00:00,A,A3100,M12,THS_HD,PT,2016,2151.16,
ESTAT:APRO_MT_LSPIG(1.0),27/06/22 23:00:00,A,A3100,M12,THS_HD,PT,2017,2165.31,
ESTAT:APRO_MT_LSPIG(1.0),27/06/22 23:00:00,A,A3100,M12,THS_HD,PT,2018,2205.05,
ESTAT:APRO_MT_LSPIG(1.0),27/06/22 23:00:00,A,A3100,M12,THS_HD,PT,2019,2255.87,
ESTAT:APRO_MT_LSPIG(1.0),27/06/22 23:00:00,A,A3100,M12,THS_HD,PT,2020,2251.97,
ESTAT:APRO_MT_LSPIG(1.0),27/06/22 23:00:00,A,A3100,M12,THS_HD,PT,2021,2221.02,p
ESTAT:APRO_MT_LSPIG(1.0),27/06/22 23:00:00,A,A3100,M12,THS_HD,RO,1987,14328.00,
ESTAT:APRO_MT_LSPIG(1.0),27/06/22 23:00:00,A,A3100,M12,THS_HD,RO,1988,14351.00,
ESTAT:APRO_MT_LSPIG(1.0),27/06/22 23:00:00,A,A3100,M12,THS_HD,RO,1989,11671.00,
ESTAT:APRO_MT_LSPIG(1.0),27/06/22 23:00:00,A,A3100,M12,THS_HD,RO,1990,12003.00,
ESTAT:APRO_MT_LSPIG(1.0),27/06/22 23:00:00,A,A3100,M12,THS_HD,RO,1991,10954.00,
ESTAT:APRO_MT_LSPIG(1.0),27/06/22 23:00:00,A,A3100,M12,THS_HD,RO,1992,9852.00,
ESTAT:APRO_MT_LSPIG(1.0),27/06/22 23:00:00,A,A3100,M12,THS_HD,RO,1993,9262.00,
ESTAT:APRO_MT_LSPIG(1.0),27/06/22 23:00:00,A,A3100,M12,THS_HD,RO,1994,7758.00,
ESTAT:APRO_MT_LSPIG(1.0),27/06/22 23:00:00,A,A3100,M12,THS_HD,RO,1995,7960.00,
ESTAT:APRO_MT_LSPIG(1.0),27/06/22 23:00:00,A,A3100,M12,THS_HD,RO,1996,8235.00,
ESTAT:APRO_MT_LSPIG(1.0),27/06/22 23:00:00,A,A3100,M12,THS_HD,RO,1997,7097.00,
ESTAT:APRO_MT_LSPIG(1.0),27/06/22 23:00:00,A,A3100,M12,THS_HD,RO,1998,7194.00,
ESTAT:APRO_MT_LSPIG(1.0),27/06/22 23:00:00,A,A3100,M12,THS_HD,RO,1999,5848.00,
ESTAT:APRO_MT_LSPIG(1.0),27/06/22 23:00:00,A,A3100,M12,THS_HD,RO,2000,4797.00,
ESTAT:APRO_MT_LSPIG(1.0),27/06/22 23:00:00,A,A3100,M12,THS_HD,RO,2001,4446.80,
ESTAT:APRO_MT_LSPIG(1.0),27/06/22 23:00:00,A,A3100,M12,THS_HD,RO,2002,5058.00,
ESTAT:APRO_MT_LSPIG(1.0),27/06/22 23:00:00,A,A3100,M12,THS_HD,RO,2003,5145.00,
ESTAT:APRO_MT_LSPIG(1.0),27/06/22 23:00:00,A,A3100,M12,THS_HD,RO,2004,6494.70,
ESTAT:APRO_MT_LSPIG(1.0),27/06/22 23:00:00,A,A3100,M12,THS_HD,RO,2005,6603.80,
ESTAT:APRO_MT_LSPIG(1.0),27/06/22 23:00:00,A,A3100,M12,THS_HD,RO,2006,6814.61,
ESTAT:APRO_MT_LSPIG(1.0),27/06/22 23:00:00,A,A3100,M12,THS_HD,RO,2007,6564.90,
ESTAT:APRO_MT_LSPIG(1.0),27/06/22 23:00:00,A,A3100,M12,THS_HD,RO,2008,6173.70,
ESTAT:APRO_MT_LSPIG(1.0),27/06/22 23:00:00,A,A3100,M12,THS_HD,RO,2009,5793.40,
ESTAT:APRO_MT_LSPIG(1.0),27/06/22 23:00:00,A,A3100,M12,THS_HD,RO,2010,5428.30,
ESTAT:APRO_MT_LSPIG(1.0),27/06/22 23:00:00,A,A3100,M12,THS_HD,RO,2011,5363.80,
ESTAT:APRO_MT_LSPIG(1.0),27/06/22 23:00:00,A,A3100,M12,THS_HD,RO,2012,5234.30,
ESTAT:APRO_MT_LSPIG(1.0),27/06/22 23:00:00,A,A3100,M12,THS_HD,RO,2013,5180.20,
ESTAT:APRO_MT_LSPIG(1.0),27/06/22 23:00:00,A,A3100,M12,THS_HD,RO,2014,5041.70,
ESTAT:APRO_MT_LSPIG(1.0),27/06/22 23:00:00,A,A3100,M12,THS_HD,RO,2015,4926.90,
ESTAT:APRO_MT_LSPIG(1.0),27/06/22 23:00:00,A,A3100,M12,THS_HD,RO,2016,4707.70,
ESTAT:APRO_MT_LSPIG(1.0),27/06/22 23:00:00,A,A3100,M12,THS_HD,RO,2017,4406.00,
ESTAT:APRO_MT_LSPIG(1.0),27/06/22 23:00:00,A,A3100,M12,THS_HD,RO,2018,3925.30,
ESTAT:APRO_MT_LSPIG(1.0),27/06/22 23:00:00,A,A3100,M12,THS_HD,RO,2019,3834.10,
ESTAT:APRO_MT_LSPIG(1.0),27/06/22 23:00:00,A,A3100,M12,THS_HD,RO,2020,3784.50,
ESTAT:APRO_MT_LSPIG(1.0),27/06/22 23:00:00,A,A3100,M12,THS_HD,RO,2021,3619.60,
ESTAT:APRO_MT_LSPIG(1.0),27/06/22 23:00:00,A,A3100,M12,THS_HD,RS,2006,3999.00,
ESTAT:APRO_MT_LSPIG(1.0),27/06/22 23:00:00,A,A3100,M12,THS_HD,RS,2007,3832.00,
ESTAT:APRO_MT_LSPIG(1.0),27/06/22 23:00:00,A,A3100,M12,THS_HD,RS,2008,3594.00,
ESTAT:APRO_MT_LSPIG(1.0),27/06/22 23:00:00,A,A3100,M12,THS_HD,RS,2009,3631.00,
ESTAT:APRO_MT_LSPIG(1.0),27/06/22 23:00:00,A,A3100,M12,THS_HD,RS,2010,3489.00,
ESTAT:APRO_MT_LSPIG(1.0),27/06/22 23:00:00,A,A3100,M12,THS_HD,RS,2011,3287.00,
ESTAT:APRO_MT_LSPIG(1.0),27/06/22 23:00:00,A,A3100,M12,THS_HD,RS,2012,3139.00,e
ESTAT:APRO_MT_LSPIG(1.0),27/06/22 23:00:00,A,A3100,M12,THS_HD,RS,2013,3144.00,
ESTAT:APRO_MT_LSPIG(1.0),27/06/22 23:00:00,A,A3100,M12,THS_HD,RS,2014,3236.00,
ESTAT:APRO_MT_LSPIG(1.0),27/06/22 23:00:00,A,A3100,M12,THS_HD,RS,2015,3284.00,
ESTAT:APRO_MT_LSPIG(1.0),27/06/22 23:00:00,A,A3100,M12,THS_HD,RS,2016,3021.00,
ESTAT:APRO_MT_LSPIG(1.0),27/06/22 23:00:00,A,A3100,M12,THS_HD,RS,2017,2911.00,
ESTAT:APRO_MT_LSPIG(1.0),27/06/22 23:00:00,A,A3100,M12,THS_HD,RS,2018,2782.00,
ESTAT:APRO_MT_LSPIG(1.0),27/06/22 23:00:00,A,A3100,M12,THS_HD,RS,2019,2903.00,
ESTAT:APRO_MT_LSPIG(1.0),27/06/22 23:00:00,A,A3100,M12,THS_HD,RS,2020,2983.00,
ESTAT:APRO_MT_LSPIG(1.0),27/06/22 23:00:00,A,A3100,M12,THS_HD,RS,2021,2868.00,
ESTAT:APRO_MT_LSPIG(1.0),27/06/22 23:00:00,A,A3100,M12,THS_HD,SE,1994,2324.00,
ESTAT:APRO_MT_LSPIG(1.0),27/06/22 23:00:00,A,A3100,M12,THS_HD,SE,1995,2317.30,
ESTAT:APRO_MT_LSPIG(1.0),27/06/22 23:00:00,A,A3100,M12,THS_HD,SE,1996,2319.00,
ESTAT:APRO_MT_LSPIG(1.0),27/06/22 23:00:00,A,A3100,M12,THS_HD,SE,1997,2353.00,
ESTAT:APRO_MT_LSPIG(1.0),27/06/22 23:00:00,A,A3100,M12,THS_HD,SE,1998,2321.30,
ESTAT:APRO_MT_LSPIG(1.0),27/06/22 23:00:00,A,A3100,M12,THS_HD,SE,1999,2021.10,
ESTAT:APRO_MT_LSPIG(1.0),27/06/22 23:00:00,A,A3100,M12,THS_HD,SE,2000,1896.10,
ESTAT:APRO_MT_LSPIG(1.0),27/06/22 23:00:00,A,A3100,M12,THS_HD,SE,2001,1920.17,
ESTAT:APRO_MT_LSPIG(1.0),27/06/22 23:00:00,A,A3100,M12,THS_HD,SE,2002,1982.00,
ESTAT:APRO_MT_LSPIG(1.0),27/06/22 23:00:00,A,A3100,M12,THS_HD,SE,2003,2004.00,
ESTAT:APRO_MT_LSPIG(1.0),27/06/22 23:00:00,A,A3100,M12,THS_HD,SE,2004,1920.42,
ESTAT:APRO_MT_LSPIG(1.0),27/06/22 23:00:00,A,A3100,M12,THS_HD,SE,2005,1797.40,
ESTAT:APRO_MT_LSPIG(1.0),27/06/22 23:00:00,A,A3100,M12,THS_HD,SE,2006,1661.52,
ESTAT:APRO_MT_LSPIG(1.0),27/06/22 23:00:00,A,A3100,M12,THS_HD,SE,2007,1727.50,
ESTAT:APRO_MT_LSPIG(1.0),27/06/22 23:00:00,A,A3100,M12,THS_HD,SE,2008,1702.60,
ESTAT:APRO_MT_LSPIG(1.0),27/06/22 23:00:00,A,A3100,M12,THS_HD,SE,2009,1615.80,
ESTAT:APRO_MT_LSPIG(1.0),27/06/22 23:00:00,A,A3100,M12,THS_HD,SE,2010,1607.00,
ESTAT:APRO_MT_LSPIG(1.0),27/06/22 23:00:00,A,A3100,M12,THS_HD,SE,2011,1567.70,
ESTAT:APRO_MT_LSPIG(1.0),27/06/22 23:00:00,A,A3100,M12,THS_HD,SE,2012,1473.70,
ESTAT:APRO_MT_LSPIG(1.0),27/06/22 23:00:00,A,A3100,M12,THS_HD,SE,2013,1480.40,
ESTAT:APRO_MT_LSPIG(1.0),27/06/22 23:00:00,A,A3100,M12,THS_HD,SE,2014,1457.90,
ESTAT:APRO_MT_LSPIG(1.0),27/06/22 23:00:00,A,A3100,M12,THS_HD,SE,2015,1435.30,
ESTAT:APRO_MT_LSPIG(1.0),27/06/22 23:00:00,A,A3100,M12,THS_HD,SE,2016,1436.40,
ESTAT:APRO_MT_LSPIG(1.0),27/06/22 23:00:00,A,A3100,M12,THS_HD,SE,2017,1382.30,
ESTAT:APRO_MT_LSPIG(1.0),27/06/22 23:00:00,A,A3100,M12,THS_HD,SE,2018,1417.20,
ESTAT:APRO_MT_LSPIG(1.0),27/06/22 23:00:00,A,A3100,M12,THS_HD,SE,2019,1481.20,
ESTAT:APRO_MT_LSPIG(1.0),27/06/22 23:00:00,A,A3100,M12,THS_HD,SE,2020,1389.30,
ESTAT:APRO_MT_LSPIG(1.0),27/06/22 23:00:00,A,A3100,M12,THS_HD,SE,2021,1372.50,
ESTAT:APRO_MT_LSPIG(1.0),27/06/22 23:00:00,A,A3100,M12,THS_HD,SI,1987,607.00,
ESTAT:APRO_MT_LSPIG(1.0),27/06/22 23:00:00,A,A3100,M12,THS_HD,SI,1988,576.00,
ESTAT:APRO_MT_LSPIG(1.0),27/06/22 23:00:00,A,A3100,M12,THS_HD,SI,1989,558.00,
ESTAT:APRO_MT_LSPIG(1.0),27/06/22 23:00:00,A,A3100,M12,THS_HD,SI,1990,588.00,
ESTAT:APRO_MT_LSPIG(1.0),27/06/22 23:00:00,A,A3100,M12,THS_HD,SI,1991,529.00,
ESTAT:APRO_MT_LSPIG(1.0),27/06/22 23:00:00,A,A3100,M12,THS_HD,SI,1992,602.00,
ESTAT:APRO_MT_LSPIG(1.0),27/06/22 23:00:00,A,A3100,M12,THS_HD,SI,1993,592.00,
ESTAT:APRO_MT_LSPIG(1.0),27/06/22 23:00:00,A,A3100,M12,THS_HD,SI,1994,571.00,
ESTAT:APRO_MT_LSPIG(1.0),27/06/22 23:00:00,A,A3100,M12,THS_HD,SI,1995,592.00,
ESTAT:APRO_MT_LSPIG(1.0),27/06/22 23:00:00,A,A3100,M12,THS_HD,SI,1996,552.00,
ESTAT:APRO_MT_LSPIG(1.0),27/06/22 23:00:00,A,A3100,M12,THS_HD,SI,1997,578.00,
ESTAT:APRO_MT_LSPIG(1.0),27/06/22 23:00:00,A,A3100,M12,THS_HD,SI,1998,592.00,
ESTAT:APRO_MT_LSPIG(1.0),27/06/22 23:00:00,A,A3100,M12,THS_HD,SI,1999,558.46,
ESTAT:APRO_MT_LSPIG(1.0),27/06/22 23:00:00,A,A3100,M12,THS_HD,SI,2000,603.59,
ESTAT:APRO_MT_LSPIG(1.0),27/06/22 23:00:00,A,A3100,M12,THS_HD,SI,2001,599.90,
ESTAT:APRO_MT_LSPIG(1.0),27/06/22 23:00:00,A,A3100,M12,THS_HD,SI,2002,655.67,
ESTAT:APRO_MT_LSPIG(1.0),27/06/22 23:00:00,A,A3100,M12,THS_HD,SI,2003,620.51,
ESTAT:APRO_MT_LSPIG(1.0),27/06/22 23:00:00,A,A3100,M12,THS_HD,SI,2004,534.00,
ESTAT:APRO_MT_LSPIG(1.0),27/06/22 23:00:00,A,A3100,M12,THS_HD,SI,2005,547.43,
ESTAT:APRO_MT_LSPIG(1.0),27/06/22 23:00:00,A,A3100,M12,THS_HD,SI,2006,575.12,
ESTAT:APRO_MT_LSPIG(1.0),27/06/22 23:00:00,A,A3100,M12,THS_HD,SI,2007,542.59,
ESTAT:APRO_MT_LSPIG(1.0),27/06/22 23:00:00,A,A3100,M12,THS_HD,SI,2008,432.01,
ESTAT:APRO_MT_LSPIG(1.0),27/06/22 23:00:00,A,A3100,M12,THS_HD,SI,2009,415.23,
ESTAT:APRO_MT_LSPIG(1.0),27/06/22 23:00:00,A,A3100,M12,THS_HD,SI,2010,395.59,
ESTAT:APRO_MT_LSPIG(1.0),27/06/22 23:00:00,A,A3100,M12,THS_HD,SI,2011,347.31,
ESTAT:APRO_MT_LSPIG(1.0),27/06/22 23:00:00,A,A3100,M12,THS_HD,SI,2012,296.10,
ESTAT:APRO_MT_LSPIG(1.0),27/06/22 23:00:00,A,A3100,M12,THS_HD,SI,2013,288.35,
ESTAT:APRO_MT_LSPIG(1.0),27/06/22 23:00:00,A,A3100,M12,THS_HD,SI,2014,281.68,
ESTAT:APRO_MT_LSPIG(1.0),27/06/22 23:00:00,A,A3100,M12,THS_HD,SI,2015,271.39,
ESTAT:APRO_MT_LSPIG(1.0),27/06/22 23:00:00,A,A3100,M12,THS_HD,SI,2016,265.74,
ESTAT:APRO_MT_LSPIG(1.0),27/06/22 23:00:00,A,A3100,M12,THS_HD,SI,2017,257.24,
ESTAT:APRO_MT_LSPIG(1.0),27/06/22 23:00:00,A,A3100,M12,THS_HD,SI,2018,259.13,
ESTAT:APRO_MT_LSPIG(1.0),27/06/22 23:00:00,A,A3100,M12,THS_HD,SI,2019,240.14,
ESTAT:APRO_MT_LSPIG(1.0),27/06/22 23:00:00,A,A3100,M12,THS_HD,SI,2020,229.48,
ESTAT:APRO_MT_LSPIG(1.0),27/06/22 23:00:00,A,A3100,M12,THS_HD,SI,2021,215.71,
ESTAT:APRO_MT_LSPIG(1.0),27/06/22 23:00:00,A,A3100,M12,THS_HD,SK,1987,2617.00,
ESTAT:APRO_MT_LSPIG(1.0),27/06/22 23:00:00,A,A3100,M12,THS_HD,SK,1988,2698.00,
ESTAT:APRO_MT_LSPIG(1.0),27/06/22 23:00:00,A,A3100,M12,THS_HD,SK,1989,2708.00,
ESTAT:APRO_MT_LSPIG(1.0),27/06/22 23:00:00,A,A3100,M12,THS_HD,SK,1990,2521.00,
ESTAT:APRO_MT_LSPIG(1.0),27/06/22 23:00:00,A,A3100,M12,THS_HD,SK,1991,2428.00,
ESTAT:APRO_MT_LSPIG(1.0),27/06/22 23:00:00,A,A3100,M12,THS_HD,SK,1992,2281.00,
ESTAT:APRO_MT_LSPIG(1.0),27/06/22 23:00:00,A,A3100,M12,THS_HD,SK,1993,2179.00,
ESTAT:APRO_MT_LSPIG(1.0),27/06/22 23:00:00,A,A3100,M12,THS_HD,SK,1994,2037.00,
ESTAT:APRO_MT_LSPIG(1.0),27/06/22 23:00:00,A,A3100,M12,THS_HD,SK,1995,2076.00,
ESTAT:APRO_MT_LSPIG(1.0),27/06/22 23:00:00,A,A3100,M12,THS_HD,SK,1996,1985.00,
ESTAT:APRO_MT_LSPIG(1.0),27/06/22 23:00:00,A,A3100,M12,THS_HD,SK,1997,1810.00,
ESTAT:APRO_MT_LSPIG(1.0),27/06/22 23:00:00,A,A3100,M12,THS_HD,SK,1998,1593.00,
ESTAT:APRO_MT_LSPIG(1.0),27/06/22 23:00:00,A,A3100,M12,THS_HD,SK,1999,1562.11,
ESTAT:APRO_MT_LSPIG(1.0),27/06/22 23:00:00,A,A3100,M12,THS_HD,SK,2000,1488.44,
ESTAT:APRO_MT_LSPIG(1.0),27/06/22 23:00:00,A,A3100,M12,THS_HD,SK,2001,1517.29,
ESTAT:APRO_MT_LSPIG(1.0),27/06/22 23:00:00,A,A3100,M12,THS_HD,SK,2002,1553.88,
ESTAT:APRO_MT_LSPIG(1.0),27/06/22 23:00:00,A,A3100,M12,THS_HD,SK,2003,1443.01,
ESTAT:APRO_MT_LSPIG(1.0),27/06/22 23:00:00,A,A3100,M12,THS_HD,SK,2004,1149.28,
ESTAT:APRO_MT_LSPIG(1.0),27/06/22 23:00:00,A,A3100,M12,THS_HD,SK,2005,1108.27,
ESTAT:APRO_MT_LSPIG(1.0),27/06/22 23:00:00,A,A3100,M12,THS_HD,SK,2006,1104.83,
ESTAT:APRO_MT_LSPIG(1.0),27/06/22 23:00:00,A,A3100,M12,THS_HD,SK,2007,951.93,
ESTAT:APRO_MT_LSPIG(1.0),27/06/22 23:00:00,A,A3100,M12,THS_HD,SK,2008,748.52,
ESTAT:APRO_MT_LSPIG(1.0),27/06/22 23:00:00,A,A3100,M12,THS_HD,SK,2009,740.86,
ESTAT:APRO_MT_LSPIG(1.0),27/06/22 23:00:00,A,A3100,M12,THS_HD,SK,2010,687.26,
ESTAT:APRO_MT_LSPIG(1.0),27/06/22 23:00:00,A,A3100,M12,THS_HD,SK,2011,580.39,
ESTAT:APRO_MT_LSPIG(1.0),27/06/22 23:00:00,A,A3100,M12,THS_HD,SK,2012,631.44,
ESTAT:APRO_MT_LSPIG(1.0),27/06/22 23:00:00,A,A3100,M12,THS_HD,SK,2013,637.17,
ESTAT:APRO_MT_LSPIG(1.0),27/06/22 23:00:00,A,A3100,M12,THS_HD,SK,2014,641.83,
ESTAT:APRO_MT_LSPIG(1.0),27/06/22 23:00:00,A,A3100,M12,THS_HD,SK,2015,633.11,e
ESTAT:APRO_MT_LSPIG(1.0),27/06/22 23:00:00,A,A3100,M12,THS_HD,SK,2016,585.84,
ESTAT:APRO_MT_LSPIG(1.0),27/06/22 23:00:00,A,A3100,M12,THS_HD,SK,2017,614.38,
ESTAT:APRO_MT_LSPIG(1.0),27/06/22 23:00:00,A,A3100,M12,THS_HD,SK,2018,627.02,
ESTAT:APRO_MT_LSPIG(1.0),27/06/22 23:00:00,A,A3100,M12,THS_HD,SK,2019,589.23,
ESTAT:APRO_MT_LSPIG(1.0),27/06/22 23:00:00,A,A3100,M12,THS_HD,SK,2020,538.31,
ESTAT:APRO_MT_LSPIG(1.0),27/06/22 23:00:00,A,A3100,M12,THS_HD,SK,2021,453.08,
ESTAT:APRO_MT_LSPIG(1.0),27/06/22 23:00:00,A,A3100,M12,THS_HD,UK,1973,9345.00,
ESTAT:APRO_MT_LSPIG(1.0),27/06/22 23:00:00,A,A3100,M12,THS_HD,UK,1974,7885.00,
ESTAT:APRO_MT_LSPIG(1.0),27/06/22 23:00:00,A,A3100,M12,THS_HD,UK,1975,7714.00,
ESTAT:APRO_MT_LSPIG(1.0),27/06/22 23:00:00,A,A3100,M12,THS_HD,UK,1976,8151.00,
ESTAT:APRO_MT_LSPIG(1.0),27/06/22 23:00:00,A,A3100,M12,THS_HD,UK,1977,7733.00,
ESTAT:APRO_MT_LSPIG(1.0),27/06/22 23:00:00,A,A3100,M12,THS_HD,UK,1978,7963.63,
ESTAT:APRO_MT_LSPIG(1.0),27/06/22 23:00:00,A,A3100,M12,THS_HD,UK,1979,7793.56,
ESTAT:APRO_MT_LSPIG(1.0),27/06/22 23:00:00,A,A3100,M12,THS_HD,UK,1980,7770.00,
ESTAT:APRO_MT_LSPIG(1.0),27/06/22 23:00:00,A,A3100,M12,THS_HD,UK,1981,8014.48,
ESTAT:APRO_MT_LSPIG(1.0),27/06/22 23:00:00,A,A3100,M12,THS_HD,UK,1982,8316.72,
ESTAT:APRO_MT_LSPIG(1.0),27/06/22 23:00:00,A,A3100,M12,THS_HD,UK,1983,7883.99,
ESTAT:APRO_MT_LSPIG(1.0),27/06/22 23:00:00,A,A3100,M12,THS_HD,UK,1984,7896.90,
ESTAT:APRO_MT_LSPIG(1.0),27/06/22 23:00:00,A,A3100,M12,THS_HD,UK,1985,8033.15,
ESTAT:APRO_MT_LSPIG(1.0),27/06/22 23:00:00,A,A3100,M12,THS_HD,UK,1986,8053.43,
ESTAT:APRO_MT_LSPIG(1.0),27/06/22 23:00:00,A,A3100,M12,THS_HD,UK,1987,8016.15,
ESTAT:APRO_MT_LSPIG(1.0),27/06/22 23:00:00,A,A3100,M12,THS_HD,UK,1988,7725.79,
ESTAT:APRO_MT_LSPIG(1.0),27/06/22 23:00:00,A,A3100,M12,THS_HD,UK,1989,7482.55,
ESTAT:APRO_MT_LSPIG(1.0),27/06/22 23:00:00,A,A3100,M12,THS_HD,UK,1990,7479.10,
ESTAT:APRO_MT_LSPIG(1.0),27/06/22 23:00:00,A,A3100,M12,THS_HD,UK,1991,7619.87,
ESTAT:APRO_MT_LSPIG(1.0),27/06/22 23:00:00,A,A3100,M12,THS_HD,UK,1992,7804.16,
ESTAT:APRO_MT_LSPIG(1.0),27/06/22 23:00:00,A,A3100,M12,THS_HD,UK,1993,7967.63,
ESTAT:APRO_MT_LSPIG(1.0),27/06/22 23:00:00,A,A3100,M12,THS_HD,UK,1994,7974.84,
ESTAT:APRO_MT_LSPIG(1.0),27/06/22 23:00:00,A,A3100,M12,THS_HD,UK,1995,7441.56,
ESTAT:APRO_MT_LSPIG(1.0),27/06/22 23:00:00,A,A3100,M12,THS_HD,UK,1996,7694.76,
ESTAT:APRO_MT_LSPIG(1.0),27/06/22 23:00:00,A,A3100,M12,THS_HD,UK,1997,8035.50,
ESTAT:APRO_MT_LSPIG(1.0),27/06/22 23:00:00,A,A3100,M12,THS_HD,UK,1998,7553.98,
ESTAT:APRO_MT_LSPIG(1.0),27/06/22 23:00:00,A,A3100,M12,THS_HD,UK,1999,7036.95,
ESTAT:APRO_MT_LSPIG(1.0),27/06/22 23:00:00,A,A3100,M12,THS_HD,UK,2000,5948.20,
ESTAT:APRO_MT_LSPIG(1.0),27/06/22 23:00:00,A,A3100,M12,THS_HD,UK,2001,5686.96,
ESTAT:APRO_MT_LSPIG(1.0),27/06/22 23:00:00,A,A3100,M12,THS_HD,UK,2002,5330.12,
ESTAT:APRO_MT_LSPIG(1.0),27/06/22 23:00:00,A,A3100,M12,THS_HD,UK,2003,4842.46,
ESTAT:APRO_MT_LSPIG(1.0),27/06/22 23:00:00,A,A3100,M12,THS_HD,UK,2004,4787.38,
ESTAT:APRO_MT_LSPIG(1.0),27/06/22 23:00:00,A,A3100,M12,THS_HD,UK,2005,4726.21,
ESTAT:APRO_MT_LSPIG(1.0),27/06/22 23:00:00,A,A3100,M12,THS_HD,UK,2006,4731.00,
ESTAT:APRO_MT_LSPIG(1.0),27/06/22 23:00:00,A,A3100,M12,THS_HD,UK,2007,4671.00,
ESTAT:APRO_MT_LSPIG(1.0),27/06/22 23:00:00,A,A3100,M12,THS_HD,UK,2008,4550.00,
ESTAT:APRO_MT_LSPIG(1.0),27/06/22 23:00:00,A,A3100,M12,THS_HD,UK,2009,4423.00,
ESTAT:APRO_MT_LSPIG(1.0),27/06/22 23:00:00,A,A3100,M12,THS_HD,UK,2010,4385.00,
ESTAT:APRO_MT_LSPIG(1.0),27/06/22 23:00:00,A,A3100,M12,THS_HD,UK,2011,4326.00,
ESTAT:APRO_MT_LSPIG(1.0),27/06/22 23:00:00,A,A3100,M12,THS_HD,UK,2012,4216.00,
ESTAT:APRO_MT_LSPIG(1.0),27/06/22 23:00:00,A,A3100,M12,THS_HD,UK,2013,4383.00,
ESTAT:APRO_MT_LSPIG(1.0),27/06/22 23:00:00,A,A3100,M12,THS_HD,UK,2014,4510.00,
ESTAT:APRO_MT_LSPIG(1.0),27/06/22 23:00:00,A,A3100,M12,THS_HD,UK,2015,4422.00,
ESTAT:APRO_MT_LSPIG(1.0),27/06/22 23:00:00,A,A3100,M12,THS_HD,UK,2016,4538.00,
ESTAT:APRO_MT_LSPIG(1.0),27/06/22 23:00:00,A,A3100,M12,THS_HD,UK,2017,4713.00,
ESTAT:APRO_MT_LSPIG(1.0),27/06/22 23:00:00,A,A3100,M12,THS_HD,UK,2018,4648.00,
ESTAT:APRO_MT_LSPIG(1.0),27/06/22 23:00:00,A,A3100,M12,THS_HD,UK,2019,4741.00,
ESTAT:APRO_MT_LSPIG(1.0),27/06/22 23:00:00,A,A3100,M12,THS_HD,XK,2015,44.15,
ESTAT:APRO_MT_LSPIG(1.0),27/06/22 23:00:00,A,A3100,M12,THS_HD,XK,2016,42.31,
ESTAT:APRO_MT_LSPIG(1.0),27/06/22 23:00:00,A,A3100,M12,THS_HD,XK,2017,41.09,
ESTAT:APRO_MT_LSPIG(1.0),27/06/22 23:00:00,A,A3100,M12,THS_HD,XK,2018,40.16,
ESTAT:APRO_MT_LSPIG(1.0),27/06/22 23:00:00,A,A3100,M12,THS_HD,XK,2019,40.53,
ESTAT:APRO_MT_LSPIG(1.0),27/06/22 23:00:00,A,A3100,M12,THS_HD,XK,2020,45.39,
